,title,country,genre,original title,rating,ratingcount,url,year,cluster
0,Feel Your Heartbeat: The Film (2022),Greece,"Documentary, Music",,10,5.0,https://www.imdb.com/title/tt20420778/,2022.0,4
1,The Witcher 3: Wild Hunt - Blood and Wine (2016),Poland,"Action, Adventure, Drama",Wiedzmin 3: Dziki Gon Krew i wino,"9,7",7914.0,https://www.imdb.com/title/tt5667286/,2016.0,4
2,The Witcher 3: Wild Hunt - Hearts of Stone (2015),Poland,"Action, Adventure, Drama",Wiedzmin 3: Dziki Gon - Serca z kamienia,"9,5",6571.0,https://www.imdb.com/title/tt5547960/,2015.0,4
3,Brothers from Malta (2022),Malta,Comedy,,"9,4",37.0,https://www.imdb.com/title/tt10805280/,2022.0,1
4,The Priceless Moments (2021),India,"Documentary, Short",,"9,3",7.0,https://www.imdb.com/title/tt16734266/,2021.0,1
5,Dancing Through the Shadow (2021),Canada,Drama,,"9,2",9.0,https://www.imdb.com/title/tt11584538/,2021.0,2
6,Legend of the Galactic Heroes (1988),Japan,"Animation, Action, Drama",Ginga eiyû densetsu,"9,1",3738.0,https://www.imdb.com/title/tt0096633/,1988.0,4
7,"Carlo Goldoni: Venezia, Gran Teatro del Mondo (2007)",Canada,History,,9,15.0,https://www.imdb.com/title/tt1205585/,2007.0,4
8,Voynata na taralezhite (1979),Bulgaria,Comedy,,9,846.0,https://www.imdb.com/title/tt0247025/,1979.0,4
9,Flames (2018),India,"Comedy, Drama, Romance",,"8,9",30407.0,https://www.imdb.com/title/tt7927936/,2018.0,2
10,The Mystery of the Black Book (2019),Israel,Documentary,Taalumat HaSefer HaShachor,"8,8",6.0,https://www.imdb.com/title/tt11529596/,2019.0,4
11,A tanú (1969),Hungary,"Drama, Comedy",,"8,7",7057.0,https://www.imdb.com/title/tt0065067/,1969.0,4
12,The Big Picture (2007),New Zealand,Documentary,,"8,7",19.0,https://www.imdb.com/title/tt1144977/,2007.0,2
13,"Pretty Village, Pretty Flame (1996)",Australia,"Comedy, Drama, History",Lepa sela lepo gore,"8,6",16693.0,https://www.imdb.com/title/tt0116860/,1996.0,4
14,Yakhanyeongung (2022),South Korea,"Action, Drama",,"8,6",520.0,https://www.imdb.com/title/tt20234568/,2022.0,4
15,The Intouchables (2011),France,"Biography, Comedy, Drama",Intouchables,"8,5",855833.0,https://www.imdb.com/title/tt1675434/,2011.0,5
16,Attack on Titan: Chronicle (2020),Japan,"Animation, Action, Adventure",Shingeki no Kyojin: Chronicle,"8,5",10491.0,https://www.imdb.com/title/tt12415546/,2020.0,4
17,Midnight Diner: Tokyo Stories (2016),Japan,Drama,Shin&apos;ya shokudô: Tokyo Stories,"8,4",4333.0,https://www.imdb.com/title/tt6150576/,2016.0,2
18,Capernaum (2018),Lebanon,Drama,Capharnaüm,"8,4",90097.0,https://www.imdb.com/title/tt8267604/,2018.0,4
19,Flames: The Movie (1997),Philippines,"Drama, Romance",,"8,4",46.0,https://www.imdb.com/title/tt0216753/,1997.0,4
20,Ernest & Rebecca (2019),France,Animation,,"8,3",8.0,https://www.imdb.com/title/tt11312566/,2019.0,4
21,Heartbeat (2021),Pakistan,Romance,,"8,3",10.0,https://www.imdb.com/title/tt21652888/,2021.0,3
22,The Hunt (2012),Denmark,Drama,Jagten,"8,3",330537.0,https://www.imdb.com/title/tt2106476/,2012.0,1
23,Pather Panchali (1955),India,Drama,,"8,3",33464.0,https://www.imdb.com/title/tt0048473/,1955.0,1
24,Incendies (2010),France,"Drama, Mystery",,"8,3",178373.0,https://www.imdb.com/title/tt1255953/,2010.0,1
25,Supercops V/S Supervillains (2012),India,Crime,,"8,3",85.0,https://www.imdb.com/title/tt10235886/,2012.0,4
26,The Lemon Tree (1993),France,"Documentary, Short",,"8,2",14.0,https://www.imdb.com/title/tt0477757/,1993.0,2
27,The Case Is Solved. I Know Everyone Who Tried to Kill Me (2020),Russia,Documentary,"Delo raskryto. Ya znayu vseh, kto pytalsya menya ubit","8,2",1482.0,https://www.imdb.com/title/tt13876280/,2020.0,4
28,Not Knowing Who You Are Is a Beautiful Source of Surprises (2016),Israel,"Comedy, Drama",,"8,2",13.0,https://www.imdb.com/title/tt6219148/,2016.0,4
29,The Passion of Joan of Arc (1928),France,"Biography, Drama, History",La passion de Jeanne d&apos;Arc,"8,2",55437.0,https://www.imdb.com/title/tt0019254/,1928.0,4
30,An Action Hero (2022),India,Action,,"8,2",15142.0,https://www.imdb.com/title/tt15600222/,2022.0,4
31,Rocco and His Brothers (1960),France,"Crime, Drama, Sport",Rocco e i suoi fratelli,"8,2",19412.0,https://www.imdb.com/title/tt0054248/,1960.0,1
32,The Grandmaster of Kungfu (2019),China,Action,,"8,2",17.0,https://www.imdb.com/title/tt15048126/,2019.0,4
33,Black Butler: Book of Circus (2014),Japan,"Animation, Comedy, Fantasy",Kuroshitsuji: Book of Circus,"8,2",1948.0,https://www.imdb.com/title/tt3639888/,2014.0,4
34,Legend of the Blue Sea (2016),South Korea,"Comedy, Drama, Fantasy",Pooreun Badaui Junsul,"8,1",9615.0,https://www.imdb.com/title/tt5766194/,2016.0,4
35,Mobile Suit Zeta Gundam (1985),Japan,"Animation, Action, Drama",Kidô senshi Z Gundam,"8,1",1324.0,https://www.imdb.com/title/tt0159186/,1985.0,4
36,@ in the Mood for Love (2001),Hong Kong,Documentary,,"8,1",98.0,https://www.imdb.com/title/tt16077670/,2001.0,3
37,The War on Drugs (2007),Austria,Documentary,,"8,1",41.0,https://www.imdb.com/title/tt0990452/,2007.0,4
38,Un amour à taire (2005),France,"Drama, Romance, War",,"8,1",3111.0,https://www.imdb.com/title/tt0444518/,2005.0,5
39,Jean Michel Jarre: Oxygene in Moscow (1997),Russia,Documentary,,"8,1",118.0,https://www.imdb.com/title/tt0301469/,1997.0,4
40,Oxygen (2018),India,Drama,,"8,1",146.0,https://www.imdb.com/title/tt8157482/,2018.0,2
41,Path of Exile (2012),New Zealand,"Action, Adventure, Fantasy",,"8,1",617.0,https://www.imdb.com/title/tt2417780/,2012.0,4
42,Tokyo Girl (2016),Japan,Drama,Tôkyô Joshi Zukan,8,729.0,https://www.imdb.com/title/tt7256504/,2016.0,4
43,Perfect Blue (1997),Japan,"Animation, Crime, Drama",Pâfekuto burû,8,77814.0,https://www.imdb.com/title/tt0156887/,1997.0,4
44,The Long Road Home (1989),Canada,"Comedy, Drama",,8,23.0,https://www.imdb.com/title/tt0221358/,1989.0,4
45,Everybody Wants to Help Ernest (1991),Netherlands,Comedy,,8,47.0,https://www.imdb.com/title/tt0176703/,1991.0,4
46,Steamin' and Dreamin': The Grandmaster Cash Story (2009),Ireland,"Comedy, Drama",,8,33.0,https://www.imdb.com/title/tt1545324/,2009.0,5
47,Liebe Amelie (2005),Germany,Drama,,8,45.0,https://www.imdb.com/title/tt0469116/,2005.0,1
48,The Long Road Home (2012),Canada,Drama,,8,10.0,https://www.imdb.com/title/tt2235534/,2012.0,0
49,Infernal Affairs (2002),Hong Kong,"Action, Crime, Drama",Mou gaan dou,8,125445.0,https://www.imdb.com/title/tt0338564/,2002.0,2
50,The Beaches of Agnès (2008),France,"Documentary, Biography",Les plages d&apos;Agnès,8,4237.0,https://www.imdb.com/title/tt1129435/,2008.0,2
51,Black Butler: Book of Murder (2014),Japan,"Animation, Adventure, Crime",,8,1095.0,https://www.imdb.com/title/tt5714216/,2014.0,2
52,Mommy (2014),Belgium,Drama,,8,57627.0,https://www.imdb.com/title/tt3612616/,2014.0,0
53,Girls Hostel (2018),India,"Comedy, Drama",,"7,9",4023.0,https://www.imdb.com/title/tt9401936/,2018.0,4
54,Fearless Whispers (2020),China,"Action, Drama, Romance",Yin mi er wei da,"7,9",56.0,https://www.imdb.com/title/tt13430112/,2020.0,2
55,Athena Ex Nihilo (2013),Greece,Documentary,Athina ek tou midenos,"7,9",13.0,https://www.imdb.com/title/tt2516336/,2013.0,4
56,The Fairy Faith (2000),Canada,Documentary,,"7,9",97.0,https://www.imdb.com/title/tt0276123/,2000.0,4
57,24 Hrs. In the City (2003),Argentina,"Comedy, Thriller",24 hs en la city,"7,9",14.0,https://www.imdb.com/title/tt0390804/,2003.0,2
58,Cléo from 5 to 7 (1962),France,"Comedy, Drama, Music",Cléo de 5 à 7,"7,9",22876.0,https://www.imdb.com/title/tt0055852/,1962.0,4
59,Elevator to the Gallows (1958),France,"Crime, Drama, Thriller",Ascenseur pour l&apos;échafaud,"7,9",26190.0,https://www.imdb.com/title/tt0051378/,1958.0,4
60,Three Colors: Blue (1993),France,"Drama, Music, Mystery",Trois couleurs: Bleu,"7,9",103018.0,https://www.imdb.com/title/tt0108394/,1993.0,0
61,The Arbit Documentation of An Amphibian Hunt: Aavasavyuham (2022),India,Thriller,,"7,9",404.0,https://www.imdb.com/title/tt15939240/,2022.0,2
62,Amour (2012),Germany,Drama,,"7,9",101119.0,https://www.imdb.com/title/tt1602620/,2012.0,3
63,Last Exile (2003),Japan,"Animation, Action, Adventure",,"7,9",3699.0,https://www.imdb.com/title/tt0390733/,2003.0,4
64,Sonic the Hedgehog CD (1993),France,"Animation, Action, Adventure",Sonic CD,"7,9",1000.0,https://www.imdb.com/title/tt0296860/,1993.0,4
65,The Two of Us (2009),Philippines,Drama,Tayong dalawa,"7,9",66.0,https://www.imdb.com/title/tt1389707/,2009.0,1
66,"Ernest and Célestine, The Collection (2017)",France,"Animation, Family","Ernest et Célestine, la collection","7,8",160.0,https://www.imdb.com/title/tt6213220/,2017.0,4
67,Mazinger Z (1972),Japan,"Action, Animation, Sci-Fi",Majingâ Zetto,"7,8",1384.0,https://www.imdb.com/title/tt0169473/,1972.0,4
68,A Year at the Front: Behind the Scenes of 'A Very Long Engagement' (2005),France,Documentary,Une année au front,"7,8",65.0,https://www.imdb.com/title/tt0461412/,2005.0,4
69,The Music According to Antonio Carlos Jobim (2012),Brazil,"Documentary, Biography, Music",A Música Segundo Tom Jobim,"7,8",224.0,https://www.imdb.com/title/tt2399493/,2012.0,1
70,Tokyo Godfathers (2003),Japan,"Animation, Adventure, Comedy",Tôkyô goddofâzâzu,"7,8",41156.0,https://www.imdb.com/title/tt0388473/,2003.0,0
71,The Two of Us (2014),South Africa,Drama,Thina Sobabili: The Two of Us,"7,8",29.0,https://www.imdb.com/title/tt3718188/,2014.0,3
72,Au hasard Balthazar (1966),France,Drama,,"7,8",20644.0,https://www.imdb.com/title/tt0060138/,1966.0,2
73,Shadows of Forgotten Ancestors (1965),Soviet Union,"Drama, Romance",Tini zabutykh predkiv,"7,8",7500.0,https://www.imdb.com/title/tt0058642/,1965.0,3
74,It Happened in Broad Daylight (1958),West Germany,"Crime, Drama, Thriller",Es geschah am hellichten Tag,"7,8",5082.0,https://www.imdb.com/title/tt0051588/,1958.0,4
75,One Piece Film Z (2012),Japan,"Animation, Action, Adventure",,"7,8",7766.0,https://www.imdb.com/title/tt2375379/,2012.0,4
76,Blue Velvet (1986),Italy,"Crime, Drama, Mystery",,"7,7",200737.0,https://www.imdb.com/title/tt0090756/,1986.0,5
77,Blue Is the Warmest Colour (2013),Belgium,"Drama, Romance",La vie d&apos;Adèle,"7,7",153438.0,https://www.imdb.com/title/tt2278871/,2013.0,5
78,Inuyashiki (2017),Japan,"Animation, Action, Drama",,"7,7",4202.0,https://www.imdb.com/title/tt6340502/,2017.0,4
79,The Eminence in Shadow (2022),Japan,"Animation, Action, Adventure",,"7,7",406.0,https://www.imdb.com/title/tt14115938/,2022.0,4
80,Breathless (2018),Belgium,Documentary,,"7,7",42.0,https://www.imdb.com/title/tt9266874/,2018.0,0
81,The Blind Man Who Did Not Want to See Titanic (2021),Finland,"Comedy, Drama, Romance",Sokea mies joka ei halunnut nähdä Titanicia,"7,7",792.0,https://www.imdb.com/title/tt13328824/,2021.0,4
82,Point Blank (2015),Hong Kong,"Documentary, Crime, History",À Queima Roupa,"7,7",19.0,https://www.imdb.com/title/tt3735086/,2015.0,4
83,The Quiet Girl (2022),Ireland,Drama,An Cailín Ciúin,"7,7",2331.0,https://www.imdb.com/title/tt15109082/,2022.0,1
84,The Vanishing (1988),Netherlands,"Mystery, Thriller",Spoorloos,"7,7",39768.0,https://www.imdb.com/title/tt0096163/,1988.0,3
85,The Broken Circle Breakdown (2012),Belgium,"Drama, Music, Romance",,"7,7",41456.0,https://www.imdb.com/title/tt2024519/,2012.0,3
86,Amélie et Compagnie (2017),Canada,Family,,"7,6",9.0,https://www.imdb.com/title/tt6324066/,2017.0,1
87,Tokyo Ghoul: Root A (2015),Japan,"Animation, Action, Drama",,"7,6",15360.0,https://www.imdb.com/title/tt5497534/,2015.0,4
88,Heroes of the Long Road Home (2017),Netherlands,Documentary,,"7,6",20.0,https://www.imdb.com/title/tt7799170/,2017.0,2
89,Breathe: Into the Shadows (2020),India,"Drama, Thriller",,"7,6",17306.0,https://www.imdb.com/title/tt12405230/,2020.0,3
90,Mischievous Kiss: Love in Tokyo (2013),Japan,"Comedy, Drama, Romance",Itazura na Kiss: Love in Tokyo,"7,6",1396.0,https://www.imdb.com/title/tt2772104/,2013.0,4
91,Dragon Ball Z: Revival Fusion (1995),Japan,"Animation, Action, Sci-Fi",Dragon Ball Z: Fukkatsu no Fusion!! Gokuu to Vegeta,"7,6",11119.0,https://www.imdb.com/title/tt0142236/,1995.0,1
92,Killing the Indian in the Child (2021),France,"Documentary, History",Tuer l&apos;indien dans le coeur de l&apos;enfant,"7,6",31.0,https://www.imdb.com/title/tt14432710/,2021.0,4
93,Pickpocket (1959),France,"Crime, Drama",,"7,6",23072.0,https://www.imdb.com/title/tt0053168/,1959.0,4
94,Last Train Home (2009),Denmark,"Documentary, Drama",Gui tu lie che,"7,6",3621.0,https://www.imdb.com/title/tt1512201/,2009.0,2
95,The Incredibly Sad Princess (1968),Czechoslovakia,"Comedy, Family, Fantasy",Sílene smutná princezna,"7,6",718.0,https://www.imdb.com/title/tt0232750/,1968.0,4
96,Busted! (2018),South Korea,"Comedy, Reality-TV",Busted! I Know Who You Are!,"7,6",984.0,https://www.imdb.com/title/tt8328460/,2018.0,4
97,Perinbaba (1985),Czechoslovakia,"Comedy, Fantasy, Romance",,"7,6",1223.0,https://www.imdb.com/title/tt0089800/,1985.0,4
98,The Man Without a Past (2002),Finland,"Comedy, Drama, Romance",Mies vailla menneisyyttä,"7,6",23743.0,https://www.imdb.com/title/tt0311519/,2002.0,1
99,L'enfant de personne (2021),France,"Biography, Drama",,"7,6",35.0,https://www.imdb.com/title/tt14118848/,2021.0,4
100,"The Battle of Algiers, a Film Within History (2017)",Netherlands,Documentary,,"7,6",30.0,https://www.imdb.com/title/tt8050084/,2017.0,4
101,In a Better World (2010),Denmark,"Drama, Romance",Hævnen,"7,6",40417.0,https://www.imdb.com/title/tt1340107/,2010.0,1
102,Tokyo Sonata (2008),Japan,Drama,,"7,5",10856.0,https://www.imdb.com/title/tt0938341/,2008.0,1
103,The Big Picture (2000),Australia,"Drama, Short",,"7,5",161.0,https://www.imdb.com/title/tt0459208/,2000.0,1
104,The Fairies (2005),Australia,"Family, Fantasy",,"7,5",52.0,https://www.imdb.com/title/tt0477407/,2005.0,0
105,Damage Done: The Drug War Odyssey (2006),Canada,Documentary,,"7,5",26.0,https://www.imdb.com/title/tt0948435/,2006.0,4
106,I Know Who You Are (2017),Spain,Thriller,Sé quién eres,"7,5",1503.0,https://www.imdb.com/title/tt4888908/,2017.0,4
107,Elle s'appelle Sabine (2007),France,Documentary,,"7,5",473.0,https://www.imdb.com/title/tt1031928/,2007.0,4
108,Le Grand Amour (1969),France,"Comedy, Romance",Le grand amour,"7,5",1262.0,https://www.imdb.com/title/tt0064390/,1969.0,5
109,Elling (2001),Norway,"Comedy, Drama",,"7,5",15208.0,https://www.imdb.com/title/tt0279064/,2001.0,4
110,The Adventures of Young Indiana Jones (2002),Germany,"Action, Adventure, Family",,"7,5",460.0,https://www.imdb.com/title/tt9733630/,2002.0,5
111,Monsieur Lazhar (2011),Belgium,"Comedy, Drama",,"7,5",20599.0,https://www.imdb.com/title/tt2011971/,2011.0,4
112,The Long Farewell (1971),Soviet Union,Drama,Dolgie provody,"7,5",780.0,https://www.imdb.com/title/tt0092905/,1971.0,4
113,Liza the Fox-Fairy (2015),Hungary,"Comedy, Fantasy, Romance","Liza, a rókatündér","7,5",9100.0,https://www.imdb.com/title/tt2210769/,2015.0,3
114,O Velho: A História de Luiz Carlos Prestes (1997),Brazil,"Documentary, Biography, History",,"7,5",124.0,https://www.imdb.com/title/tt0287782/,1997.0,4
115,Tokyo Trial (2017),Netherlands,Drama,,"7,5",273.0,https://www.imdb.com/title/tt7854302/,2017.0,1
116,Brothers (2004),Denmark,"Drama, War",Brødre,"7,5",11402.0,https://www.imdb.com/title/tt0386342/,2004.0,1
117,Breathless (2008),South Korea,"Crime, Drama",Ddongpari,"7,5",5368.0,https://www.imdb.com/title/tt1373120/,2008.0,4
118,A Royal Affair (2012),Denmark,"Biography, Drama, History",En kongelig affære,"7,5",48128.0,https://www.imdb.com/title/tt1276419/,2012.0,3
119,Resident Evil Village: Shadows of Rose (2022),Japan,"Action, Adventure, Horror",,"7,5",116.0,https://www.imdb.com/title/tt23114588/,2022.0,1
120,Cautious Hero: The Hero Is Overpowered but Overly Cautious (2019),Japan,"Animation, Action, Adventure",Shinchô yûsha ~ kono yûsha ga ore TUEEE kuse ni shinchô sugiru ~,"7,4",2747.0,https://www.imdb.com/title/tt10974198/,2019.0,4
121,"Cinema, mon amour (2015)",Germany,Documentary,,"7,4",172.0,https://www.imdb.com/title/tt5130530/,2015.0,2
122,A Town Called Panic (2009),Belgium,"Animation, Adventure, Comedy",Panique au village,"7,4",8308.0,https://www.imdb.com/title/tt1433540/,2009.0,4
123,Tomboy (2011),France,Drama,,"7,4",21061.0,https://www.imdb.com/title/tt1847731/,2011.0,1
124,Alice (1988),Czechoslovakia,"Animation, Adventure, Fantasy",Neco z Alenky,"7,4",13064.0,https://www.imdb.com/title/tt0095715/,1988.0,4
125,The Kid with a Bike (2011),Belgium,Drama,Le gamin au vélo,"7,4",27782.0,https://www.imdb.com/title/tt1827512/,2011.0,5
126,Megafires (2019),France,Documentary,Incendies géants: enquête sur un nouveau fléau,"7,4",31.0,https://www.imdb.com/title/tt11692244/,2019.0,4
127,The Child (2005),Belgium,"Crime, Drama, Romance",L&apos;enfant,"7,4",18866.0,https://www.imdb.com/title/tt0456396/,2005.0,5
128,Song of the Exile (1990),Hong Kong,Drama,Ke tu qiu hen,"7,4",503.0,https://www.imdb.com/title/tt0099927/,1990.0,1
129,Happening (2021),France,Drama,L&apos;événement,"7,4",7223.0,https://www.imdb.com/title/tt13880104/,2021.0,4
130,Gurbet Kuslari (1964),Turkey,Drama,,"7,4",1015.0,https://www.imdb.com/title/tt0184543/,1964.0,1
131,The Hunting Ground (2015),Belgium,Documentary,,"7,4",6345.0,https://www.imdb.com/title/tt4185572/,2015.0,1
132,Rules of the Game (2014),France,Documentary,Les règles du jeu,"7,4",57.0,https://www.imdb.com/title/tt3756858/,2014.0,5
133,Travelers and Magicians (2003),France,"Adventure, Drama",Travellers &amp; Magicians,"7,4",2264.0,https://www.imdb.com/title/tt0378906/,2003.0,1
134,Pickpocket (1997),China,Drama,Xiao Wu,"7,4",2900.0,https://www.imdb.com/title/tt0144020/,1997.0,0
135,Seraphine (2008),France,"Biography, Drama",Séraphine,"7,4",6319.0,https://www.imdb.com/title/tt1048171/,2008.0,1
136,L'Enfant Terrible (2019),Spain,"Drama, Fantasy, Mystery",,"7,4",354.0,https://www.imdb.com/title/tt11192680/,2019.0,1
137,2046 (2004),Hong Kong,"Drama, Romance, Sci-Fi",,"7,4",58276.0,https://www.imdb.com/title/tt0212712/,2004.0,3
138,The Secret of the Grain (2007),France,Drama,La graine et le mulet,"7,4",7610.0,https://www.imdb.com/title/tt0487419/,2007.0,4
139,Leila's Brothers (2022),France,Drama,Baradaran-e Leila,"7,4",1187.0,https://www.imdb.com/title/tt19653180/,2022.0,1
140,URÆD - FEARLESS (2022),Norway,Documentary,,"7,4",10.0,https://www.imdb.com/title/tt8378038/,2022.0,5
141,"Biyudo si daddy, biyuda si mommy (1997)",Philippines,Comedy,,"7,4",7.0,https://www.imdb.com/title/tt0381055/,1997.0,0
142,"Charles, Emperor King (2015)",Spain,"Biography, Drama, History","Carlos, Rey Emperador","7,4",674.0,https://www.imdb.com/title/tt4418020/,2015.0,4
143,Enteng Kabisote 2: Okay ka fairy ko... The legend continues (2005),Philippines,"Comedy, Family, Fantasy",,"7,4",44.0,https://www.imdb.com/title/tt0479659/,2005.0,4
144,The World's Finest Assassin Gets Reincarnated in Another World as an Aristocrat (2021),Japan,"Animation, Action, Fantasy","Sekai Saikou no Ansatsusha, Isekai Kizoku ni Tensei Suru","7,3",2163.0,https://www.imdb.com/title/tt14061838/,2021.0,4
145,Heartbeat (2010),Germany,Romance,Hand aufs Herz,"7,3",84.0,https://www.imdb.com/title/tt1736093/,2010.0,4
146,Heartbeat (2010),Germany,Romance,Hand aufs Herz,"7,3",84.0,https://www.imdb.com/title/tt1736093/,2010.0,4
147,Heartbeat (2010),South Korea,Drama,Sim-jang-i Ddwooin-da,"6,4",242.0,https://www.imdb.com/title/tt1820667/,2010.0,4
148,Heartbeat (2010),South Korea,Drama,Sim-jang-i Ddwooin-da,"6,4",242.0,https://www.imdb.com/title/tt1820667/,2010.0,4
149,Tokyo Trial (2016),Japan,"Drama, History",,"7,3",1690.0,https://www.imdb.com/title/tt4040530/,2016.0,4
150,Shaolin Soccer (2001),China,"Action, Comedy, Fantasy",Siu Lam juk kau,"7,3",81631.0,https://www.imdb.com/title/tt0286112/,2001.0,5
151,A Summer Tale (2000),Sweden,"Comedy, Drama, Family",Den bästa sommaren,"7,3",4014.0,https://www.imdb.com/title/tt0204932/,2000.0,3
152,Another Coin for the Merry-Go-Round (2021),Austria,Drama,,"7,3",30.0,https://www.imdb.com/title/tt14779400/,2021.0,3
153,13 (2005),France,"Crime, Drama, Thriller",13 Tzameti,"7,3",17568.0,https://www.imdb.com/title/tt0475169/,2005.0,4
154,The Legendary Life of Ernest Hemingway (1989),Italy,Drama,,"7,3",108.0,https://www.imdb.com/title/tt0222009/,1989.0,5
155,The Hedgehog (2009),France,Drama,Le hérisson,"7,3",9403.0,https://www.imdb.com/title/tt1442519/,2009.0,5
156,Let the Child Be the Guide (2017),France,Documentary,Le maître est l&apos;enfant,"7,3",83.0,https://www.imdb.com/title/tt7094966/,2017.0,4
157,Obsluhoval jsem anglického krále (2006),Czech Republic,"Comedy, Drama, Romance",,"7,3",7880.0,https://www.imdb.com/title/tt0284363/,2006.0,1
158,Infernal Affairs II (2003),Hong Kong,"Action, Crime, Drama",Mou gaan dou II,"7,3",18402.0,https://www.imdb.com/title/tt0369060/,2003.0,0
159,Ajami (2009),Israel,"Crime, Drama",,"7,3",6275.0,https://www.imdb.com/title/tt1077262/,2009.0,2
160,Nothing Ever Happened (2022),Portugal,Drama,Nunca Nada Aconteceu,"7,3",33.0,https://www.imdb.com/title/tt8074440/,2022.0,4
161,L'enfant de Paris (1913),France,"Crime, Drama",,"7,3",390.0,https://www.imdb.com/title/tt0003883/,1913.0,5
162,Polisse (2011),France,"Crime, Drama",,"7,3",14470.0,https://www.imdb.com/title/tt1661420/,2011.0,4
163,Farewell to the Ark (1984),Japan,"Fantasy, Mystery, Romance",Saraba hakobune,"7,3",546.0,https://www.imdb.com/title/tt0088041/,1984.0,3
164,Rundskop (2011),Belgium,"Crime, Drama",,"7,3",23552.0,https://www.imdb.com/title/tt1821593/,2011.0,5
165,The Hunting (2019),Australia,Drama,,"7,3",812.0,https://www.imdb.com/title/tt9690214/,2019.0,1
166,Raw (2008),Ireland,Drama,,"7,3",383.0,https://www.imdb.com/title/tt1233560/,2008.0,4
167,Tokyo Ravens (2013),Japan,"Animation, Action, Comedy",,"7,3",1278.0,https://www.imdb.com/title/tt3104072/,2013.0,1
168,In the Name of Love (2008),Mexico,"Drama, Romance",En nombre del amor,"7,2",321.0,https://www.imdb.com/title/tt1275297/,2008.0,5
169,In the Name of Love (2008),Mexico,"Drama, Romance",En nombre del amor,"7,2",321.0,https://www.imdb.com/title/tt1275297/,2008.0,3
170,In the Name of Love (2008),Indonesia,Drama,,"5,6",40.0,https://www.imdb.com/title/tt1190120/,2008.0,5
171,In the Name of Love (2008),Indonesia,Drama,,"5,6",40.0,https://www.imdb.com/title/tt1190120/,2008.0,3
172,Se souvenir des cendres - Regards sur Incendies (2010),Canada,"Documentary, Short",,"7,2",15.0,https://www.imdb.com/title/tt1756720/,2010.0,4
173,When Heroes Fly (2018),Israel,"Action, Drama",,"7,2",3295.0,https://www.imdb.com/title/tt8220344/,2018.0,0
174,Au four et au moulin: les coulisses de Micmacs à Tire-Larigot (2010),France,Documentary,,"7,2",34.0,https://www.imdb.com/title/tt1634037/,2010.0,4
175,"Zyuden Sentai Kyoryuger vs. Go-Busters: Dinosaur Great Battle! Farewell, Eternal Friends (2014)",Japan,"Action, Adventure, Sci-Fi",Jûden Sentai Kyôryûjâ tai Gôbasutâzu: Kyôryû Daisakusen! Saraba Eien no Tomo yo,"7,2",59.0,https://www.imdb.com/title/tt3295046/,2014.0,4
176,Fearless: The Women Fighting Putin (2022),Japan,Documentary,,"7,2",22.0,https://www.imdb.com/title/tt18927696/,2022.0,4
177,Stars in the Sky: A Hunting Story (2018),Philippines,Documentary,,"7,2",361.0,https://www.imdb.com/title/tt10078502/,2018.0,2
178,I Still Hide to Smoke (2016),France,Drama,À mon âge je me cache encore pour fumer,"7,2",1054.0,https://www.imdb.com/title/tt6210808/,2016.0,4
179,You Don't Know Who You're Talking To (2016),Argentina,"Action, Adventure, Comedy",No sabés con quién estás hablando,"7,2",45.0,https://www.imdb.com/title/tt5311102/,2016.0,4
180,Adem (2010),Belgium,Drama,,"7,2",1243.0,https://www.imdb.com/title/tt1470860/,2010.0,3
181,The Age of Assassins (1967),Japan,"Action, Comedy",Satsujin kyôjidai,"7,2",289.0,https://www.imdb.com/title/tt0062232/,1967.0,0
182,À Nos Amours (1983),France,"Drama, Romance",À nos amours,"7,2",6184.0,https://www.imdb.com/title/tt0086650/,1983.0,5
183,"The Night, Angel and Our Children (1994)",Turkey,Drama,"Gece, Melek ve Bizim Çocuklar","7,2",760.0,https://www.imdb.com/title/tt1556154/,1994.0,5
184,My Brothers and I (2021),France,Drama,Mes frères et moi,"7,2",557.0,https://www.imdb.com/title/tt13582752/,2021.0,4
185,Balzac and the Little Chinese Seamstress (2002),France,"Biography, Drama, Romance",Xiao cai feng,"7,2",4472.0,https://www.imdb.com/title/tt0291032/,2002.0,3
186,Exiled (2006),Hong Kong,"Action, Crime, Thriller",Fong juk,"7,2",9209.0,https://www.imdb.com/title/tt0796212/,2006.0,4
187,Lumumba (2000),Belgium,"Biography, Drama, History",,"7,2",1979.0,https://www.imdb.com/title/tt0246765/,2000.0,2
188,Flame & Citron (2008),Denmark,"Action, Drama, History",Flammen &amp; Citronen,"7,2",19065.0,https://www.imdb.com/title/tt0920458/,2008.0,4
189,The Emperor and the Assassin (1998),Japan,"Drama, History, Romance",Jing Ke ci Qin Wang,"7,2",6280.0,https://www.imdb.com/title/tt0162866/,1998.0,0
190,Vice caché (2005),Canada,Comedy,,"7,2",73.0,https://www.imdb.com/title/tt0414784/,2005.0,4
191,Fearless: The Inside Story of the AFLW (2022),Australia,"Documentary, Sport",,"7,2",73.0,https://www.imdb.com/title/tt21875362/,2022.0,2
192,The Flaming Heart (2021),China,"Action, Drama",,"7,2",43.0,https://www.imdb.com/title/tt14344724/,2021.0,4
193,La vie devant elles (2015),France,Drama,,"7,1",37.0,https://www.imdb.com/title/tt3506798/,2015.0,4
194,"Ernest Hemingway, quatre mariages et un enterrement (2021)",France,"Documentary, Biography",,"7,1",20.0,https://www.imdb.com/title/tt15381358/,2021.0,4
195,Alphaville - Inside the Wall (2009),Brazil,"Documentary, Drama, Family",Alphaville - Do Lado de Dentro do Muro,"7,1",50.0,https://www.imdb.com/title/tt1619598/,2009.0,1
196,Stones in Exile (2010),Japan,"Documentary, Music",,"7,1",987.0,https://www.imdb.com/title/tt1609157/,2010.0,4
197,The Gleaners and I: Two Years Later (2002),France,Documentary,Les glaneurs et la glaneuse... deux ans après,"7,1",1166.0,https://www.imdb.com/title/tt0345128/,2002.0,4
198,Tokyo Drifter (1966),Japan,"Action, Crime",Tôkyô nagaremono,"7,1",8918.0,https://www.imdb.com/title/tt0061101/,1966.0,1
199,Blue Ruin (2013),France,"Crime, Drama, Thriller",,"7,1",74559.0,https://www.imdb.com/title/tt2359024/,2013.0,1
200,Man on the Train (2002),France,"Crime, Drama, Thriller",L&apos;homme du train,"7,1",7296.0,https://www.imdb.com/title/tt0301414/,2002.0,1
201,The Fearless Vampire Killers (1967),Netherlands,"Comedy, Horror",Dance of the Vampires,"7,1",32100.0,https://www.imdb.com/title/tt0061655/,1967.0,4
202,A Child's Secret (2006),Belgium,Drama,L&apos;enfant du secret,"7,1",36.0,https://www.imdb.com/title/tt0903824/,2006.0,4
203,Timbuktu (2014),France,"Drama, War",,"7,1",17590.0,https://www.imdb.com/title/tt3409392/,2014.0,0
204,Anything for Her (2008),France,"Crime, Drama, Thriller",Pour elle,"7,1",9398.0,https://www.imdb.com/title/tt1217637/,2008.0,4
205,Maman est chez le coiffeur (2008),Canada,Drama,,"7,1",909.0,https://www.imdb.com/title/tt1153111/,2008.0,1
206,Carlos Ghosn: The Last Flight (2021),Japan,"Documentary, Crime",,"7,1",342.0,https://www.imdb.com/title/tt15048602/,2021.0,4
207,The Names of Love (2010),France,"Comedy, Drama, Romance",Le nom des gens,"7,1",7995.0,https://www.imdb.com/title/tt1646974/,2010.0,5
208,Heartbeats (2010),France,"Drama, Romance",Les amours imaginaires,"7,1",29391.0,https://www.imdb.com/title/tt1600524/,2010.0,2
209,Lorna's Silence (2008),Belgium,Drama,Le silence de Lorna,"7,1",8932.0,https://www.imdb.com/title/tt1186369/,2008.0,5
210,How I Celebrated the End of the World (2006),France,Drama,Cum mi-am petrecut sfârsitul lumii,"7,1",3173.0,https://www.imdb.com/title/tt0799991/,2006.0,1
211,The Brothers Lionheart (1977),Sweden,"Drama, Family, Fantasy",Bröderna Lejonhjärta,"7,1",6661.0,https://www.imdb.com/title/tt0075790/,1977.0,4
212,24 City (2008),China,"Documentary, Drama",Er shi si cheng ji,"7,1",2187.0,https://www.imdb.com/title/tt1103963/,2008.0,4
213,"Farewell, Home Sweet Home (1999)",Italy,"Comedy, Drama","Adieu, plancher des vaches!","7,1",994.0,https://www.imdb.com/title/tt0205725/,1999.0,1
214,She Spent So Many Hours Under the Sun Lamps (1985),France,"Drama, Fantasy",Elle a passé tant d&apos;heures sous les sunlights...,"7,1",251.0,https://www.imdb.com/title/tt0089081/,1985.0,5
215,The Flame's Daughter (2018),China,"Drama, Fantasy, Romance",,"7,1",462.0,https://www.imdb.com/title/tt6912356/,2018.0,1
216,L'enfant perdu (1997),France,Drama,,"7,1",27.0,https://www.imdb.com/title/tt0280640/,1997.0,0
217,Nero a metà (2018),Italy,"Crime, Drama",,7,990.0,https://www.imdb.com/title/tt7197558/,2018.0,0
218,Last Exile: Gin'yoku no Fam (2011),Japan,"Animation, Action, Adventure",,7,230.0,https://www.imdb.com/title/tt2142293/,2011.0,4
219,Tokyo Mew Mew (2002),Japan,"Animation, Action, Adventure",,7,1223.0,https://www.imdb.com/title/tt0469008/,2002.0,4
220,Making of House of Flying Daggers (2004),China,"Documentary, Short",,7,63.0,https://www.imdb.com/title/tt5679696/,2004.0,4
221,Ernest et Célestine en hiver (2017),France,Animation,,7,14.0,https://www.imdb.com/title/tt10443634/,2017.0,3
222,Dragon Ball Z: Super Android 13 (1992),Japan,"Animation, Action, Sci-Fi",Doragon bôru Z: Kyokugen batoru!! San dai sûpâ saiyajin,7,7190.0,https://www.imdb.com/title/tt0142241/,1992.0,4
223,The Models of 'Pickpocket' (2003),France,Documentary,Les modèles de &apos;Pickpocket&apos;,7,66.0,https://www.imdb.com/title/tt0452332/,2003.0,4
224,All of Our Heartbeats Are Connected Through Exploding Stars (2022),Sweden,Documentary,,7,21.0,https://www.imdb.com/title/tt19899610/,2022.0,4
225,John the Fearless (1984),Belgium,"Animation, Adventure, Crime",Jan zonder vrees,7,241.0,https://www.imdb.com/title/tt0222054/,1984.0,4
226,Up and Down (1993),France,"Comedy, Sport",Parpaillon,7,75.0,https://www.imdb.com/title/tt0105100/,1993.0,4
227,The Page Turner (2006),France,"Drama, Music, Thriller",La tourneuse de pages,7,7233.0,https://www.imdb.com/title/tt0487503/,2006.0,4
228,Fairy Tail: Priestess of the Phoenix (2012),Japan,"Animation, Action, Adventure",Gekijouban Fairy Tail: Houou no miko,7,2184.0,https://www.imdb.com/title/tt2085795/,2012.0,4
229,The Five of Us (2004),Belgium,"Crime, Drama",Elles étaient cinq,7,762.0,https://www.imdb.com/title/tt0400400/,2004.0,4
230,La dialectique peut-elle casser des briques? (1973),France,Comedy,,7,276.0,https://www.imdb.com/title/tt0069970/,1973.0,4
231,Against Their Will (2012),France,"Drama, History",Malgré-elles,7,359.0,https://www.imdb.com/title/tt2296853/,2012.0,1
232,Nafas-borideh (1978),Iran,"Crime, Drama",,7,60.0,https://www.imdb.com/title/tt1104098/,1978.0,0
233,Chicken with Plums (2011),France,"Comedy, Drama",Poulet aux prunes,7,9628.0,https://www.imdb.com/title/tt1663321/,2011.0,0
234,Sister (2012),France,"Crime, Drama",L&apos;enfant d&apos;en haut,7,6927.0,https://www.imdb.com/title/tt2062969/,2012.0,4
235,Alphaville (1965),France,"Drama, Mystery, Sci-Fi",Alphaville: Une étrange aventure de Lemmy Caution,7,25768.0,https://www.imdb.com/title/tt0058898/,1965.0,0
236,Raw (2016),Belgium,"Drama, Horror",Grave,7,79082.0,https://www.imdb.com/title/tt4954522/,2016.0,5
237,Declaration of War (2011),France,Drama,La guerre est déclarée,7,5184.0,https://www.imdb.com/title/tt1931470/,2011.0,5
238,Winter in Wartime (2008),Netherlands,"Drama, History, War",Oorlogswinter,7,13015.0,https://www.imdb.com/title/tt0795441/,2008.0,4
239,Ip Man 3 (2015),Hong Kong,"Action, Biography, Drama",Yip Man 3,7,56130.0,https://www.imdb.com/title/tt2888046/,2015.0,4
240,Drug War (2012),China,"Action, Crime, Drama",Du zhan,7,10354.0,https://www.imdb.com/title/tt2165735/,2012.0,4
241,Up and Down (2004),Czech Republic,"Comedy, Drama",Horem pádem,7,1942.0,https://www.imdb.com/title/tt0401488/,2004.0,4
242,The Time That Remains (2009),France,"Drama, History",,7,2545.0,https://www.imdb.com/title/tt1037163/,2009.0,4
243,Sadness and Joy in the Life of Giraffes (2019),Portugal,Adventure,Tristeza e Alegria na Vida das Girafas,7,274.0,https://www.imdb.com/title/tt4610978/,2019.0,2
244,Tokyo! (2008),Japan,"Comedy, Drama, Fantasy",,7,11130.0,https://www.imdb.com/title/tt0976060/,2008.0,2
245,Farewell (2009),France,"Drama, Romance, Thriller",L&apos;affaire Farewell,7,6767.0,https://www.imdb.com/title/tt0806029/,2009.0,4
246,Shadow (2018),China,"Action, Adventure, Drama",Ying,7,16218.0,https://www.imdb.com/title/tt6864046/,2018.0,4
247,In the Shadows (2017),India,"Drama, Thriller",Gali Guleiyan,7,895.0,https://www.imdb.com/title/tt2302416/,2017.0,0
248,Farewell to the Land (1982),Japan,Drama,Saraba itoshiki daichi,7,123.0,https://www.imdb.com/title/tt0133192/,1982.0,4
249,An Impossible Love (2018),Belgium,"Biography, Drama, Romance",Un amour impossible,7,2022.0,https://www.imdb.com/title/tt8260226/,2018.0,5
250,Mon amour (2020),France,Documentary,,7,58.0,https://www.imdb.com/title/tt12008056/,2020.0,0
251,Elles et moi (2008),Belgium,Drama,,7,32.0,https://www.imdb.com/title/tt1168348/,2008.0,4
252,Alev Alev (2020),Turkey,Drama,,"6,9",1192.0,https://www.imdb.com/title/tt12872898/,2020.0,2
253,Sjit Happens (2012),Denmark,"Comedy, Romance",,"6,9",904.0,https://www.imdb.com/title/tt2382978/,2012.0,4
254,A Cat in Paris (2010),Belgium,"Animation, Adventure, Comedy",Une vie de chat,"6,9",11385.0,https://www.imdb.com/title/tt1673702/,2010.0,1
255,The Lunnis and the Great Fairy Tales Adventure (2019),Spain,"Adventure, Family, Fantasy",La gran aventura de Los Lunnis y el Libro Mágico,"6,9",102.0,https://www.imdb.com/title/tt8387852/,2019.0,2
256,Supercop (1992),Hong Kong,"Action, Comedy, Crime",Ging chaat goo si III: Chiu kup ging chaat,"6,9",22054.0,https://www.imdb.com/title/tt0104558/,1992.0,4
257,Oxygen Starvation (1992),Canada,"Drama, War",Kisneviy golod,"6,9",140.0,https://www.imdb.com/title/tt0104617/,1992.0,4
258,The Plessis Girls (2016),France,"Drama, History",Elles... Les filles du Plessis,"6,9",75.0,https://www.imdb.com/title/tt5330310/,2016.0,5
259,Black Statement Book (1963),Japan,"Crime, Drama, Mystery",Kuro no hôkokusho,"6,9",186.0,https://www.imdb.com/title/tt0228498/,1963.0,4
260,The Assassination of Richard Nixon (2004),Greece,"Biography, Crime, Drama",,"6,9",25799.0,https://www.imdb.com/title/tt0364961/,2004.0,1
261,La garçonne (1936),France,Drama,,"6,9",40.0,https://www.imdb.com/title/tt0027658/,1936.0,3
262,Lupin III: Farewell to Nostradamus (1995),Japan,"Animation, Action, Adventure",Rupan sansei: Kutabare! Nostradamus,"6,9",811.0,https://www.imdb.com/title/tt0170181/,1995.0,5
263,Flame and Women (1967),Japan,Drama,Honô to onna,"6,9",221.0,https://www.imdb.com/title/tt0061675/,1967.0,4
264,Things to Come (2016),France,Drama,L&apos;avenir,"6,9",13893.0,https://www.imdb.com/title/tt4120176/,2016.0,4
265,Der letzte Zeuge (1960),West Germany,Crime,,"6,9",271.0,https://www.imdb.com/title/tt0054025/,1960.0,4
266,The Dawn of the Sad Street (2008),Armenia,"Drama, War",,"6,9",12.0,https://www.imdb.com/title/tt5326080/,2008.0,1
267,White Material (2009),France,"Drama, War",,"6,9",7898.0,https://www.imdb.com/title/tt1135952/,2009.0,1
268,Our Children (2019),Brazil,Drama,Aos Nossos Filhos,"6,9",40.0,https://www.imdb.com/title/tt9090636/,2019.0,5
269,Nothing Bad Can Happen (2013),Germany,"Crime, Drama, Horror",Tore tanzt,"6,9",1805.0,https://www.imdb.com/title/tt2822400/,2013.0,5
270,Le petit lieutenant (2005),France,"Crime, Drama",,"6,9",2564.0,https://www.imdb.com/title/tt0431979/,2005.0,4
271,Soldier Blue (1970),Italy,Western,,"6,9",5672.0,https://www.imdb.com/title/tt0066390/,1970.0,4
272,The Witnesses (2007),France,"Drama, Romance",Les témoins,"6,9",2784.0,https://www.imdb.com/title/tt0487273/,2007.0,4
273,Springtime in a Small Town (2002),Netherlands,"Drama, Romance",Xiao cheng zhi chun,"6,9",1327.0,https://www.imdb.com/title/tt0332831/,2002.0,4
274,Three... Extremes (2004),South Korea,Horror,Sam gang 2,"6,9",20059.0,https://www.imdb.com/title/tt0420251/,2004.0,4
275,Mountains May Depart (2015),China,"Drama, Romance",Shan he gu ren,"6,9",5933.0,https://www.imdb.com/title/tt3740778/,2015.0,1
276,Who Knows? (2001),France,"Comedy, Crime, Drama",Va savoir,"6,9",2444.0,https://www.imdb.com/title/tt0242994/,2001.0,4
277,Caught in the Heartbeat (2018),China,Drama,Qing chun jing shi,"6,9",7.0,https://www.imdb.com/title/tt6971018/,2018.0,2
278,Abdullah: The Final Witness (2015),Pakistan,"Crime, Drama, Thriller",,"6,9",86.0,https://www.imdb.com/title/tt4683676/,2015.0,4
279,I Know an Old Lady Who Swallowed a Fly (1964),Canada,"Animation, Family, Short",,"6,8",30.0,https://www.imdb.com/title/tt0223498/,1964.0,4
280,The Mysteries of Alfred Hedgehog (2010),Canada,"Animation, Family",,"6,8",144.0,https://www.imdb.com/title/tt1621350/,2010.0,4
281,Carlo (2004),Belgium,"Drama, Short",,"6,8",162.0,https://www.imdb.com/title/tt0428295/,2004.0,2
282,The Chargesheet: Innocent or Guilty? (2020),India,"Crime, Drama, Mystery",,"6,8",3724.0,https://www.imdb.com/title/tt11535184/,2020.0,4
283,Raw FM (1997),Australia,Drama,,"6,8",58.0,https://www.imdb.com/title/tt0118445/,1997.0,2
284,Le mystère du lac (2015),France,"Crime, Drama, Mystery",,"6,8",532.0,https://www.imdb.com/title/tt4579480/,2015.0,4
285,Priceless (2012),Japan,Comedy,,"6,8",333.0,https://www.imdb.com/title/tt2334892/,2012.0,1
286,The Two Of Us (2018),Australia,"Comedy, Drama",,"6,8",25.0,https://www.imdb.com/title/tt8439904/,2018.0,3
287,Code Geass: Akito the Exiled 2 - The Torn-Up Wyvern (2013),Japan,"Animation, Action, Sci-Fi",Code Geass: Boukoku No Akito 2 - Hikisakareshi Yokuryuu,"6,8",653.0,https://www.imdb.com/title/tt3354254/,2013.0,4
288,Point Blank (2010),France,"Action, Crime, Drama",À bout portant,"6,8",14180.0,https://www.imdb.com/title/tt1545759/,2010.0,1
289,Red Cliff (1949),Greece,"Drama, Romance",O kokkinos vrahos,"6,8",34.0,https://www.imdb.com/title/tt0220603/,1949.0,3
290,Holy Flame of the Martial World (1983),Hong Kong,"Adventure, Comedy, Fantasy",Wu lin sheng huo jin,"6,8",413.0,https://www.imdb.com/title/tt0086607/,1983.0,4
291,The Man on the Train (1958),Soviet Union,"Drama, Thriller",O anthropos tou trainou,"6,8",113.0,https://www.imdb.com/title/tt0204141/,1958.0,4
292,Sand Storm (2016),Israel,Drama,Sufat Chol,"6,8",3671.0,https://www.imdb.com/title/tt4365518/,2016.0,4
293,Lingui (2021),France,Drama,,"6,8",892.0,https://www.imdb.com/title/tt13846546/,2021.0,4
294,The Sad Widows of the Warlord (2016),Iran,"Drama, Mystery",Bivehaye Ghamgin Salar Jang,"6,8",52.0,https://www.imdb.com/title/tt13854326/,2016.0,4
295,Point Blank (2016),Germany,"Crime, Drama",Auf kurze Distanz,"6,8",930.0,https://www.imdb.com/title/tt4595360/,2016.0,4
296,Cache cache (2005),France,Drama,,"6,8",81.0,https://www.imdb.com/title/tt0428289/,2005.0,1
297,(S)He (2020),France,Drama,Il est elle,"6,8",37.0,https://www.imdb.com/title/tt13547294/,2020.0,2
298,Timbuktu (2004),Ireland,Drama,,"6,8",25.0,https://www.imdb.com/title/tt0385290/,2004.0,0
299,Fearless Kungfu King (2020),China,Action,Gongfu zongshi huo yuan jia,"6,8",67.0,https://www.imdb.com/title/tt12861558/,2020.0,5
300,Terribly Happy (2008),Denmark,"Crime, Drama, Thriller",Frygtelig lykkelig,"6,8",6551.0,https://www.imdb.com/title/tt1087890/,2008.0,4
301,"Destroy, She Said (1969)",France,Drama,Détruire dit-elle,"6,8",264.0,https://www.imdb.com/title/tt0064272/,1969.0,4
302,La Virgen de los Sicarios (2000),France,"Crime, Drama",,"6,8",4029.0,https://www.imdb.com/title/tt0250809/,2000.0,4
303,OSS 117: Lost in Rio (2009),France,"Action, Adventure, Comedy",OSS 117: Rio ne répond plus,"6,8",15279.0,https://www.imdb.com/title/tt1167660/,2009.0,4
304,Kiss Me (2011),Sweden,"Drama, Romance",Kyss mig,"6,8",11161.0,https://www.imdb.com/title/tt1859522/,2011.0,5
305,The Forgiveness of Blood (2011),Albania,Drama,,"6,8",2005.0,https://www.imdb.com/title/tt1787127/,2011.0,1
306,Our Children (2012),Belgium,"Crime, Drama",À perdre la raison,"6,8",2996.0,https://www.imdb.com/title/tt1660302/,2012.0,1
307,Our Children (2012),Belgium,"Crime, Drama",À perdre la raison,"6,8",2996.0,https://www.imdb.com/title/tt1660302/,2012.0,1
308,Our Children (2012),"United Kingdom, Serbia and Montenegro, Iraq","Documentary, Short",,,,https://www.imdb.com/title/tt2759584/,2012.0,1
309,Our Children (2012),"United Kingdom, Serbia and Montenegro, Iraq","Documentary, Short",,,,https://www.imdb.com/title/tt2759584/,2012.0,1
310,The Witness (2018),North Macedonia,"Action, Drama",,"6,8",46.0,https://www.imdb.com/title/tt4240848/,2018.0,4
311,The Witness (2018),North Macedonia,"Action, Drama",,"6,8",46.0,https://www.imdb.com/title/tt4240848/,2018.0,4
312,The Witness (2018),South Korea,"Crime, Thriller",Mok-gyeok-ja,"6,5",2134.0,https://www.imdb.com/title/tt8865562/,2018.0,4
313,The Witness (2018),South Korea,"Crime, Thriller",Mok-gyeok-ja,"6,5",2134.0,https://www.imdb.com/title/tt8865562/,2018.0,4
314,"Farewell, Mr. Haffmann (2021)",France,Drama,Adieu Monsieur Haffmann,"6,8",1112.0,https://www.imdb.com/title/tt10545704/,2021.0,1
315,Tom of Finland (2017),Finland,"Biography, Drama",,"6,8",6049.0,https://www.imdb.com/title/tt5226984/,2017.0,1
316,Infernal Affairs III (2003),China,"Action, Crime, Drama",Mou gaan dou III: Jung gik mou gaan,"6,8",13721.0,https://www.imdb.com/title/tt0374339/,2003.0,4
317,Forever Young (2022),France,"Comedy, Drama, History",Les Amandiers,"6,8",399.0,https://www.imdb.com/title/tt14976386/,2022.0,3
318,Shadow Detective (2022),Argentina,"Drama, Thriller",,"6,8",127.0,https://www.imdb.com/title/tt23032868/,2022.0,4
319,I Love You 2 (2017),France,"Comedy, Drama, Romance",J&apos;ai 2 amours,"6,8",168.0,https://www.imdb.com/title/tt7367980/,2017.0,3
320,Tokyo Ghoul: re (2018),Japan,"Animation, Action, Drama",,"6,7",10199.0,https://www.imdb.com/title/tt8213522/,2018.0,4
321,The Cat in the Closet (2016),Taiwan,"Drama, Family",Yi gui li de mao,"6,7",21.0,https://www.imdb.com/title/tt5735380/,2016.0,4
322,The World for the two of us (2022),Japan,Drama,,"6,7",6.0,https://www.imdb.com/title/tt16676936/,2022.0,4
323,Kohtaamisia (2009),Finland,Drama,,"6,7",275.0,https://www.imdb.com/title/tt1428457/,2009.0,2
324,Rules of the Game (2015),Brazil,"Comedy, Crime, Drama",A Regra do Jogo,"6,7",262.0,https://www.imdb.com/title/tt4986278/,2015.0,4
325,My Best Friend (2018),Argentina,"Drama, Romance",Mi mejor amigo,"6,7",3566.0,https://www.imdb.com/title/tt6400166/,2018.0,1
326,Tomboy (2008),Belgium,"Comedy, Drama",Garçon manqué,"6,7",21.0,https://www.imdb.com/title/tt1342380/,2008.0,4
327,Fearless (2017),France,Action,,"6,7",6.0,https://www.imdb.com/title/tt7451496/,2017.0,4
328,Shall We Kiss? (2007),France,"Comedy, Romance",Un baiser s&apos;il vous plaît,"6,7",2569.0,https://www.imdb.com/title/tt0920473/,2007.0,2
329,Tel Aviv on Fire (2018),France,"Comedy, Drama, Romance",,"6,7",2319.0,https://www.imdb.com/title/tt5791098/,2018.0,4
330,Exils (2004),France,"Adventure, Drama, Music",,"6,7",3102.0,https://www.imdb.com/title/tt0400420/,2004.0,4
331,"Polina, danser sa vie (2016)",France,Drama,,"6,7",1833.0,https://www.imdb.com/title/tt4383288/,2016.0,5
332,The Bridesmaid (2004),France,"Thriller, Drama, Romance",La demoiselle d&apos;honneur,"6,7",2778.0,https://www.imdb.com/title/tt0405866/,2004.0,3
333,Bamako (The Court) (2006),France,Drama,Bamako,"6,7",1421.0,https://www.imdb.com/title/tt0814666/,2006.0,1
334,Farewell Song (2019),Japan,"Drama, Music, Romance",Sayonara kuchibiru,"6,7",551.0,https://www.imdb.com/title/tt9827784/,2019.0,4
335,Fu zi (2006),Hong Kong,Drama,,"6,7",884.0,https://www.imdb.com/title/tt0768114/,2006.0,1
336,Exile (2020),Germany,"Drama, Mystery, Thriller",Exil,"6,7",970.0,https://www.imdb.com/title/tt8955708/,2020.0,2
337,Franz + Polina (2006),Latvia,"Drama, Romance, War",,"6,7",470.0,https://www.imdb.com/title/tt0899242/,2006.0,2
338,"Ana, My Love (2017)",Romania,"Drama, Romance","Ana, mon amour","6,7",2238.0,https://www.imdb.com/title/tt6125690/,2017.0,3
339,Savage Hunt of King Stakh (1980),Soviet Union,"Drama, Horror, Mystery",Dikaya okhota korolya Stakha,"6,7",582.0,https://www.imdb.com/title/tt0128164/,1980.0,2
340,The Brothers Karamazov (1958),Japan,"Drama, Romance",,"6,7",2858.0,https://www.imdb.com/title/tt0051435/,1958.0,1
341,Lady Chatterley (2006),France,"Drama, Romance",,"6,7",4621.0,https://www.imdb.com/title/tt0459880/,2006.0,4
342,Heartbeats (2022),Sweden,Drama,,"6,7",108.0,https://www.imdb.com/title/tt16529232/,2022.0,4
343,Code Geass: Akito the Exiled - The Wyvern Arrives (2012),Japan,"Animation, Action, Adventure",Code Geass: Boukoku no Akito 1 - Yokuryuu wa Maiorita,"6,6",855.0,https://www.imdb.com/title/tt3354096/,2012.0,2
344,Kuro Gal ni Nattakara Shin'yuu to Shite Mita. (2021),Japan,"Animation, Romance",,"6,6",71.0,https://www.imdb.com/title/tt14043628/,2021.0,4
345,Sexe et amour en Russie (2020),France,Documentary,,"6,6",9.0,https://www.imdb.com/title/tt15412394/,2020.0,3
346,"Tule tagasi, Lumumba (1992)",Estonia,Drama,,"6,6",28.0,https://www.imdb.com/title/tt0197981/,1992.0,4
347,The Moustache (2005),France,"Drama, Mystery",La moustache,"6,6",5295.0,https://www.imdb.com/title/tt0428856/,2005.0,1
348,The Vanishing of Pato (2010),Italy,"Crime, Drama, Mystery",La scomparsa di Patò,"6,6",276.0,https://www.imdb.com/title/tt1600419/,2010.0,3
349,L'enfant noir (1995),France,"Biography, Drama",,"6,6",37.0,https://www.imdb.com/title/tt0112962/,1995.0,1
350,Flame in the Streets (1961),Ireland,Drama,,"6,6",377.0,https://www.imdb.com/title/tt0054879/,1961.0,1
351,Malila: The Farewell Flower (2017),Philippines,Drama,,"6,6",502.0,https://www.imdb.com/title/tt7736144/,2017.0,4
352,The Fearless Hyena (1979),Hong Kong,"Comedy, Action",Xiao quan guai zhao,"6,6",4927.0,https://www.imdb.com/title/tt0079315/,1979.0,5
353,The Child Prodigy (2010),Canada,Drama,L&apos;enfant prodige,"6,6",211.0,https://www.imdb.com/title/tt1425617/,2010.0,5
354,Carry on Pickpocket (1982),Hong Kong,"Action, Comedy, Drama",Tai fong siu sau,"6,6",205.0,https://www.imdb.com/title/tt0083828/,1982.0,4
355,Farewell to the Night (2019),France,Drama,L&apos;adieu à la nuit,"6,6",802.0,https://www.imdb.com/title/tt8569390/,2019.0,4
356,Lilet Never Happened (2012),Netherlands,Drama,,"6,6",251.0,https://www.imdb.com/title/tt1986951/,2012.0,4
357,Goodbye First Love (2011),France,"Drama, Romance",Un amour de jeunesse,"6,6",5425.0,https://www.imdb.com/title/tt1618447/,2011.0,4
358,Séraphin: Heart of Stone (2002),Canada,Drama,Séraphin: un homme et son péché,"6,6",1059.0,https://www.imdb.com/title/tt0221013/,2002.0,5
359,Detective Dee: The Mystery of the Phantom Flame (2010),China,"Action, Adventure, Drama",Di Renjie zhi Tongtian diguo,"6,6",11405.0,https://www.imdb.com/title/tt1123373/,2010.0,4
360,Marie-Jo et ses 2 amours (2002),France,"Drama, Romance",,"6,6",806.0,https://www.imdb.com/title/tt0293401/,2002.0,1
361,Outside the Law (2010),France,"Crime, Drama, War",Hors la loi,"6,6",3959.0,https://www.imdb.com/title/tt1229381/,2010.0,4
362,Code Geass: Akito the Exiled 4 - From the Memories of Hatred (2015),Japan,"Animation, Action, Sci-Fi",Code Geass: Boukoku No Akito 4,"6,5",551.0,https://www.imdb.com/title/tt3354306/,2015.0,0
363,Caravaggio's Shadow (2022),Italy,"Biography, History",L&apos;ombra di Caravaggio,"6,5",137.0,https://www.imdb.com/title/tt11877386/,2022.0,4
364,Vita da Carlo (2021),Italy,"Biography, Comedy",,"6,5",623.0,https://www.imdb.com/title/tt14691760/,2021.0,3
365,Born in Flames (1983),West Germany,"Comedy, Drama, Sci-Fi",,"6,5",1750.0,https://www.imdb.com/title/tt0085267/,1983.0,4
366,Return of the Hero (2018),Belgium,"Comedy, History",Le retour du héros,"6,5",4103.0,https://www.imdb.com/title/tt7064498/,2018.0,4
367,The Girl Next Door (2007),Italy,"Crime, Drama, Horror",,"6,5",26873.0,https://www.imdb.com/title/tt0830558/,2007.0,4
368,The Smiles of Sad Men (2018),Czech Republic,"Comedy, Drama",Úsmevy smutných muzu,"6,5",400.0,https://www.imdb.com/title/tt8526824/,2018.0,2
369,Exiled (2016),Latvia,"Drama, History, War",,"6,5",287.0,https://www.imdb.com/title/tt4261942/,2016.0,0
370,Flaming Star (1960),Sweden,Western,,"6,5",3616.0,https://www.imdb.com/title/tt0053825/,1960.0,4
371,The Vanished (2018),South Korea,"Crime, Mystery, Thriller",Sarajin bam,"6,5",1289.0,https://www.imdb.com/title/tt6955298/,2018.0,4
372,District 13: Ultimatum (2009),France,"Action, Crime, Thriller",Banlieue 13: Ultimatum,"6,5",44974.0,https://www.imdb.com/title/tt1247640/,2009.0,4
373,Master Z: The Ip Man Legacy (2018),Hong Kong,"Action, Biography, Crime",Yip Man ngoi zyun: Cheung Tin Chi,"6,5",8897.0,https://www.imdb.com/title/tt7262882/,2018.0,4
374,The Bullet Vanishes (2012),China,"Action, Adventure, Drama",Xiao shi de zi dan,"6,5",2243.0,https://www.imdb.com/title/tt2106741/,2012.0,4
375,The Secret of the Ant-Child (2011),France,Drama,Le secret de l&apos;enfant-fourmi,"6,5",103.0,https://www.imdb.com/title/tt1988695/,2011.0,5
376,L'enfant (2022),Portugal,Drama,,"6,5",57.0,https://www.imdb.com/title/tt12429066/,2022.0,5
377,Swann in Love (1984),France,"Drama, Romance",Un amour de Swann,"6,5",1989.0,https://www.imdb.com/title/tt0088315/,1984.0,3
378,Intimate Strangers (2018),Brazil,Drama,Intimidade Entre Estranhos,"6,5",155.0,https://www.imdb.com/title/tt7943504/,2018.0,5
379,Elles (1997),Luxembourg,"Drama, Romance, Comedy",,"6,5",306.0,https://www.imdb.com/title/tt0119057/,1997.0,3
380,The Princess of Montpensier (2010),France,"Action, Drama, History",La princesse de Montpensier,"6,5",4061.0,https://www.imdb.com/title/tt1599975/,2010.0,4
381,Code Geass: Akito the Exiled 3 - The Brightness Falls (2015),Japan,"Animation, Action, Sci-Fi",Code Geass: Boukoku no Akito 3 - Kagayakumono Ten Yori Otsu,"6,4",598.0,https://www.imdb.com/title/tt3354302/,2015.0,4
382,"Hatching, Matching, & Dispatching (2005)",Canada,Comedy,,"6,4",308.0,https://www.imdb.com/title/tt0446527/,2005.0,1
383,"Frantz Fanon: Black Skin, White Mask (1995)",France,"Documentary, Biography",Frantz Fanon: Black Skin White Mask,"6,4",178.0,https://www.imdb.com/title/tt0116357/,1995.0,1
384,Inside the Chinese Closet (2015),Netherlands,Documentary,,"6,4",70.0,https://www.imdb.com/title/tt5433586/,2015.0,1
385,Cast No Shadow (2014),Canada,"Drama, Fantasy, Thriller",,"6,4",241.0,https://www.imdb.com/title/tt3783812/,2014.0,1
386,Fat Girl (2001),France,Drama,À ma soeur!,"6,4",11975.0,https://www.imdb.com/title/tt0243255/,2001.0,1
387,Tire au flanc (1928),France,Comedy,,"6,4",255.0,https://www.imdb.com/title/tt0019480/,1928.0,4
388,The Unexpected Child (2019),France,"Drama, Family",L&apos;enfant que je n&apos;attendais pas,"6,4",100.0,https://www.imdb.com/title/tt10307912/,2019.0,4
389,Falkenberg Farewell (2006),Sweden,Drama,Farväl Falkenberg,"6,4",2838.0,https://www.imdb.com/title/tt0855805/,2006.0,5
390,Godzilla: Tokyo S.O.S. (2003),Japan,"Action, Adventure, Fantasy",Gojira tai Mosura tai Mekagojira: Tôkyô S.O.S.,"6,4",4509.0,https://www.imdb.com/title/tt0366526/,2003.0,4
391,Raw Deal (1977),Australia,Western,,"6,4",56.0,https://www.imdb.com/title/tt0076601/,1977.0,4
392,Si j'étais elle (2004),Belgium,"Comedy, Romance",,"6,4",61.0,https://www.imdb.com/title/tt0432442/,2004.0,4
393,L'enfant endormi (2004),Belgium,Drama,,"6,4",140.0,https://www.imdb.com/title/tt0424997/,2004.0,5
394,Amour Fou (2014),Austria,"Comedy, Drama",Amour fou,"6,4",1608.0,https://www.imdb.com/title/tt3003800/,2014.0,3
395,Shinmitsuna tanin (2021),Japan,Thriller,,"6,4",9.0,https://www.imdb.com/title/tt15630786/,2021.0,5
396,Number One Fan (2014),France,"Comedy, Drama, Thriller",Elle l&apos;adore,"6,4",1863.0,https://www.imdb.com/title/tt3433358/,2014.0,2
397,The Vanished Elephant (2014),Peru,"Mystery, Thriller",El elefante desaparecido,"6,4",361.0,https://www.imdb.com/title/tt3424914/,2014.0,4
398,On My Way (2013),France,"Comedy, Drama",Elle s&apos;en va,"6,4",2407.0,https://www.imdb.com/title/tt2289538/,2013.0,4
399,Young and Miserable or A Man Screaming Is Not a Dancing Bear (2016),Brazil,"Comedy, Drama, Musical",Young and Miserable or a Man Screaming Is Not a Dancing Bear,"6,4",22.0,https://www.imdb.com/title/tt5507620/,2016.0,4
400,Amour fou (2020),France,"Drama, Mystery, Thriller",,"6,4",93.0,https://www.imdb.com/title/tt11695720/,2020.0,0
401,Oxygen (2020),Thailand,Romance,,"6,4",170.0,https://www.imdb.com/title/tt13084920/,2020.0,4
402,Oxygen (2020),Thailand,Romance,,"6,4",170.0,https://www.imdb.com/title/tt13084920/,2020.0,0
403,Oxygen (2020),Australia,"Short, Thriller",,,,https://www.imdb.com/title/tt12402708/,2020.0,4
404,Oxygen (2020),Australia,"Short, Thriller",,,,https://www.imdb.com/title/tt12402708/,2020.0,0
405,Athena: Goddess of War (2010),South Korea,"Action, Romance, Thriller",Athena: Jeonjaeng-ui Yeoshin,"6,4",429.0,https://www.imdb.com/title/tt1942171/,2010.0,4
406,Code Geass: Akito the Exiled Final - To Beloved Ones (2016),Japan,"Animation, Action, Sci-Fi",Code Geass: Boukoku no Akito Final - Itoshiki Monotachi e,"6,3",529.0,https://www.imdb.com/title/tt5920384/,2016.0,4
407,Nachala hanem (1953),Egypt,"Comedy, Crime",,"6,3",44.0,https://www.imdb.com/title/tt0318478/,1953.0,4
408,Kislorod (2009),Russia,"Drama, Musical, Romance",,"6,3",809.0,https://www.imdb.com/title/tt1441309/,2009.0,2
409,Suçlu Benim (1953),Turkey,Drama,,"6,3",11.0,https://www.imdb.com/title/tt0324130/,1953.0,5
410,L'enfant lion (1993),France,Family,,"6,3",297.0,https://www.imdb.com/title/tt0106820/,1993.0,5
411,Punttikomedia (2022),Finland,Comedy,,"6,3",102.0,https://www.imdb.com/title/tt14353504/,2022.0,0
412,Love is in the Air (2013),France,"Comedy, Romance",Amour &amp; turbulences,"6,3",5026.0,https://www.imdb.com/title/tt2298384/,2013.0,0
413,Flaming Brothers (1987),Hong Kong,"Action, Crime, Romance",Gong woo lung foo dau,"6,3",632.0,https://www.imdb.com/title/tt0093305/,1987.0,4
414,The Rules of the Game (1999),Hong Kong,Crime,San ga fat,"6,3",100.0,https://www.imdb.com/title/tt0885523/,1999.0,4
415,I Know Who You Are (2000),Spain,"Drama, Thriller",Sé quién eres,"6,3",336.0,https://www.imdb.com/title/tt0239955/,2000.0,5
416,Mission: Monte Carlo (1974),Italy,"Action, Crime, Drama",,"6,3",139.0,https://www.imdb.com/title/tt0301623/,1974.0,4
417,Wa dong ren (2002),Germany,"Drama, Crime",,"6,3",51.0,https://www.imdb.com/title/tt0312001/,2002.0,4
418,Smutek paní Snajderové (2008),Albania,"Drama, Romance",,"6,3",144.0,https://www.imdb.com/title/tt0494841/,2008.0,4
419,The Assassin (2015),China,"Action, Drama, History",Cike Nie Yin Niang,"6,3",17086.0,https://www.imdb.com/title/tt3508840/,2015.0,4
420,A Flame in My Heart (1987),France,Drama,Une flamme dans mon coeur,"6,3",262.0,https://www.imdb.com/title/tt0094218/,1987.0,2
421,Avec amour et acharnement (2022),France,"Drama, Romance, Thriller",,"6,3",1694.0,https://www.imdb.com/title/tt13535920/,2022.0,3
422,Song of the Assassins (2022),China,Action,Qing mian Xiuluo,"6,3",65.0,https://www.imdb.com/title/tt8032932/,2022.0,0
423,Tokyo Noir (2004),Japan,Drama,,"6,3",31.0,https://www.imdb.com/title/tt0477117/,2004.0,0
424,The Witness (2019),Japan,"Crime, Thriller",Mienai mokugekisha,"6,3",383.0,https://www.imdb.com/title/tt10240688/,2019.0,5
425,Dancing the Twist in Bamako (2021),France,"Drama, History",Twist à Bamako,"6,3",150.0,https://www.imdb.com/title/tt14055038/,2021.0,3
426,The Witnesses (2021),Germany,"Crime, Drama, Thriller",8 Zeugen,"6,2",202.0,https://www.imdb.com/title/tt15629248/,2021.0,0
427,The Romantic Exiles (2015),Argentina,Drama,Los exiliados románticos,"6,2",425.0,https://www.imdb.com/title/tt4594906/,2015.0,3
428,"Elle boit pas, elle fume pas, elle drague pas, mais... elle cause! (1970)",France,"Comedy, Crime",,"6,2",541.0,https://www.imdb.com/title/tt0065686/,1970.0,3
429,Lorsque l'enfant paraît (1956),France,Comedy,,"6,2",11.0,https://www.imdb.com/title/tt0157939/,1956.0,5
430,Nos enfants chéris (2003),France,"Comedy, Drama",,"6,2",427.0,https://www.imdb.com/title/tt0347678/,2003.0,4
431,YPF (2007),Canada,"Comedy, Drama, Romance",Young People Fucking,"6,2",19426.0,https://www.imdb.com/title/tt0913445/,2007.0,4
432,Hatching (2022),Finland,Horror,Pahanhautoja,"6,2",9429.0,https://www.imdb.com/title/tt12519030/,2022.0,5
433,The Red Circle (1960),Denmark,"Thriller, Crime",Der rote Kreis,"6,2",579.0,https://www.imdb.com/title/tt0053228/,1960.0,1
434,A Castle in Spain (2007),France,"Comedy, Drama",Un château en Espagne,"6,2",138.0,https://www.imdb.com/title/tt0864921/,2007.0,2
435,Assassination on the Tiber (1979),Italy,"Comedy, Crime, Drama",Assassinio sul Tevere,"6,2",322.0,https://www.imdb.com/title/tt0078802/,1979.0,4
436,Nobody's Hero (2022),France,Comedy,Viens je t&apos;emmène,"6,2",411.0,https://www.imdb.com/title/tt11669538/,2022.0,3
437,"Farewell, My Queen (2012)",France,"Drama, History, Romance",Les adieux à la reine,"6,2",8733.0,https://www.imdb.com/title/tt1753813/,2012.0,4
438,Sword of the Assassin (2012),Vietnam,"Action, Drama, History",Thiên menh anh hùng,"6,2",818.0,https://www.imdb.com/title/tt2187149/,2012.0,1
439,My Best Friend Anne Frank (2021),Netherlands,Drama,Mijn beste vriendin Anne Frank,"6,2",4497.0,https://www.imdb.com/title/tt10360772/,2021.0,0
440,La educación de las hadas (2006),Spain,"Drama, Romance",,"6,2",870.0,https://www.imdb.com/title/tt0485634/,2006.0,4
441,Amelie or The Time to Love (1961),France,Drama,Amélie ou le temps d&apos;aimer,"6,2",34.0,https://www.imdb.com/title/tt0166076/,1961.0,4
442,The Hunting Party (1971),West Germany,"Action, Drama, Western",,"6,2",3130.0,https://www.imdb.com/title/tt0067224/,1971.0,4
443,Enteng Kabisote: Okay ka fairy ko... The legend (2004),Philippines,"Action, Adventure, Comedy",,"6,2",56.0,https://www.imdb.com/title/tt0422175/,2004.0,3
444,A New Love in Tokyo (1994),Japan,"Drama, Romance",Ai no shinsekai,"6,2",493.0,https://www.imdb.com/title/tt0109059/,1994.0,1
445,In the Name of Love (2011),Philippines,Drama,,"6,2",177.0,https://www.imdb.com/title/tt1906398/,2011.0,1
446,Heartbeats (2019),Thailand,Romance,,"6,1",101.0,https://www.imdb.com/title/tt11358490/,2019.0,0
447,Queen's Blade: The Exiled Virgin (2009),Japan,"Animation, Action, Adventure",Kuînzu bureido: Rurô no senshi,"6,1",436.0,https://www.imdb.com/title/tt1407599/,2009.0,4
448,Oxygen (2010),Netherlands,"Documentary, Short, History",Oxigen,"6,1",24.0,https://www.imdb.com/title/tt2137193/,2010.0,4
449,Super-héros malgré lui (2021),France,"Action, Comedy",,"6,1",2130.0,https://www.imdb.com/title/tt13774454/,2021.0,1
450,Point-Blank (2019),France,"Crime, Drama, Thriller",États d&apos;Urgence,"6,1",53.0,https://www.imdb.com/title/tt11214690/,2019.0,1
451,Xiao zi ming da (1979),Hong Kong,"Action, Comedy",,"6,1",132.0,https://www.imdb.com/title/tt0079142/,1979.0,5
452,Magic Hour: Tom Alone (1989),Canada,Drama,Last Train Home,"6,1",59.0,https://www.imdb.com/title/tt0099989/,1989.0,0
453,Raw Wind in Eden (1958),Australia,"Adventure, Crime, Drama",,"6,1",115.0,https://www.imdb.com/title/tt0052121/,1958.0,4
454,Heartbeat (2014),Canada,Comedy,,"6,1",44.0,https://www.imdb.com/title/tt3275082/,2014.0,4
455,Miami Supercops (1985),Netherlands,"Action, Comedy, Crime",,"6,1",7655.0,https://www.imdb.com/title/tt0089591/,1985.0,4
456,Mountain Miracle (2017),Germany,"Adventure, Drama, Family",Amelie rennt,"6,1",405.0,https://www.imdb.com/title/tt5712474/,2017.0,4
457,"Yi ban hai shui, yi ban huo yan (2008)",Hong Kong,"Crime, Drama",,"6,1",442.0,https://www.imdb.com/title/tt1232825/,2008.0,4
458,In the Shadow of Iris (2016),France,"Drama, Thriller",Iris,"6,1",4442.0,https://www.imdb.com/title/tt5598110/,2016.0,5
459,Tokyo Shaking (2021),France,Drama,,"6,1",451.0,https://www.imdb.com/title/tt11450972/,2021.0,4
460,You Deserve a Lover (2019),France,"Comedy, Drama, Romance",Tu mérites un amour,"6,1",764.0,https://www.imdb.com/title/tt10223546/,2019.0,4
461,Supercop 2 (1993),Hong Kong,"Action, Comedy, Crime",Chiu kup gai wak,"6,1",4091.0,https://www.imdb.com/title/tt0106544/,1993.0,4
462,A Witness Out of the Blue (2019),Hong Kong,"Crime, Mystery, Thriller",Fan zui xian chang,"6,1",646.0,https://www.imdb.com/title/tt11076480/,2019.0,4
463,The Guilty (2000),Hungary,"Crime, Drama, Thriller",,"6,1",3632.0,https://www.imdb.com/title/tt0186183/,2000.0,5
464,Perfect Love (1996),France,"Drama, Romance",Parfait amour!,"6,1",512.0,https://www.imdb.com/title/tt0117296/,1996.0,4
465,The Assassination at Sarajevo (1975),Yugoslavia,"Drama, History",Atentat u Sarajevu,"6,1",298.0,https://www.imdb.com/title/tt0073660/,1975.0,4
466,The Midwife (2014),Germany,Drama,Die Hebamme,"6,1",229.0,https://www.imdb.com/title/tt3353040/,2014.0,4
467,3 Extremes II (2002),Thailand,"Horror, Mystery",Sam gang,"6,1",3719.0,https://www.imdb.com/title/tt0324242/,2002.0,4
468,La question humaine (2007),France,"Drama, History, Music",,"6,1",1220.0,https://www.imdb.com/title/tt0765141/,2007.0,4
469,Labyrinth of Flames (2000),Japan,"Animation, Fantasy",Honô no rabirinsu,6,118.0,https://www.imdb.com/title/tt0314017/,2000.0,1
470,Mother's Elling (2003),Norway,"Comedy, Drama",Mors Elling,6,2601.0,https://www.imdb.com/title/tt0368045/,2003.0,5
471,Winter's Child (1989),France,Drama,L&apos;enfant de l&apos;hiver,6,246.0,https://www.imdb.com/title/tt0097278/,1989.0,3
472,Daddy or Mommy (2015),France,"Comedy, Drama, Romance",Papa ou maman,6,4522.0,https://www.imdb.com/title/tt4080672/,2015.0,4
473,Tout contre elle (2019),France,"Drama, Thriller",,6,141.0,https://www.imdb.com/title/tt10161552/,2019.0,5
474,Max My Love (1986),France,Comedy,Max mon amour,6,1181.0,https://www.imdb.com/title/tt0091498/,1986.0,4
475,Poison Ivy (1953),France,"Crime, Drama, Thriller",La môme vert de gris,6,308.0,https://www.imdb.com/title/tt0046115/,1953.0,4
476,Z for Zachariah (2015),Denmark,"Drama, Romance, Sci-Fi",,6,31316.0,https://www.imdb.com/title/tt1598642/,2015.0,3
477,Yankesicinin aski (1965),Turkey,Romance,,6,53.0,https://www.imdb.com/title/tt0413504/,1965.0,3
478,Saint Amour (2016),France,"Comedy, Drama",,6,1472.0,https://www.imdb.com/title/tt4589186/,2016.0,4
479,Heugsuseon (2001),South Korea,"Action, Drama, Mystery",,6,340.0,https://www.imdb.com/title/tt0297168/,2001.0,2
480,A Woman in Flames (1983),West Germany,Drama,Die flambierte Frau,6,590.0,https://www.imdb.com/title/tt0083949/,1983.0,4
481,The Midwife (2015),Finland,"Drama, History, Romance",Kätilö,6,1343.0,https://www.imdb.com/title/tt3298600/,2015.0,3
482,Exiled: The Chosen Ones (2022),Indonesia,"Action, Thriller",,6,27.0,https://www.imdb.com/title/tt12951176/,2022.0,4
483,Wo chi le na nan hai yi zheng nian de zao can (2022),Taiwan,"Comedy, Romance",,"5,9",167.0,https://www.imdb.com/title/tt17292614/,2022.0,4
484,Dragon Ball Z: Bio-Broly (1994),Japan,"Animation, Action, Sci-Fi",Dragon Ball Z: Super Senshi Gekiha!! Katsu No wa Ore da,"5,9",5232.0,https://www.imdb.com/title/tt0142234/,1994.0,4
485,The Young and the Guilty (1958),West Germany,"Drama, Romance",,"5,9",23.0,https://www.imdb.com/title/tt0052417/,1958.0,5
486,"Mi iubita, mon amour (2021)",France,Drama,,"5,9",114.0,https://www.imdb.com/title/tt14821328/,2021.0,4
487,My Best Friend's Girl (1983),France,"Comedy, Romance",La femme de mon pote,"5,9",1081.0,https://www.imdb.com/title/tt0085529/,1983.0,4
488,Lady Chatterley's Lover (1955),France,"Drama, Romance",L&apos;amant de lady Chatterley,"5,9",169.0,https://www.imdb.com/title/tt0047817/,1955.0,4
489,Paradise Now (1970),Netherlands,Documentary,,"5,9",23.0,https://www.imdb.com/title/tt0235658/,1970.0,4
490,Dreamchild (2020),France,Drama,L&apos;enfant rêvé,"5,9",143.0,https://www.imdb.com/title/tt11229766/,2020.0,0
491,Brother and Sister (2022),France,Drama,Frère et soeur,"5,9",511.0,https://www.imdb.com/title/tt14622802/,2022.0,4
492,Mexico in Flames (1982),Mexico,"Drama, Western","Krasnye kolokola, film pervyy - Meksika v ogne","5,9",208.0,https://www.imdb.com/title/tt0084222/,1982.0,4
493,The Outskirts of Alphaville (2003),France,"Documentary, Short","Alphaville, périphéries...","5,8",6.0,https://www.imdb.com/title/tt5376958/,2003.0,4
494,"Elle ne pleure pas, elle chante (2011)",Belgium,Drama,,"5,8",113.0,https://www.imdb.com/title/tt1384594/,2011.0,4
495,1er amour (2013),Canada,Drama,,"5,8",245.0,https://www.imdb.com/title/tt2246520/,2013.0,5
496,L'assassin n'est pas coupable (1946),France,"Crime, Drama",,"5,8",25.0,https://www.imdb.com/title/tt0149721/,1946.0,2
497,The Maid (1990),France,"Comedy, Romance",Un amour de banquier,"5,8",844.0,https://www.imdb.com/title/tt0102377/,1990.0,3
498,A Priceless Love (2022),France,Romance,,"5,8",82.0,https://www.imdb.com/title/tt15426386/,2022.0,0
499,Miracles Still Happen (1974),West Germany,"Adventure, Drama",I miracoli accadono ancora,"5,8",296.0,https://www.imdb.com/title/tt0071845/,1974.0,4
500,Ren yu duo duo (2005),Taiwan,"Drama, Fantasy, Romance",,"5,8",198.0,https://www.imdb.com/title/tt0768137/,2005.0,4
501,Bobby Z (2007),Italy,"Action, Crime, Thriller",The Death and Life of Bobby Z,"5,8",14876.0,https://www.imdb.com/title/tt0473188/,2007.0,4
502,Crystal Fairy & the Magical Cactus (2013),Chile,"Adventure, Comedy, Drama",Crystal Fairy y el cactus mágico,"5,8",8174.0,https://www.imdb.com/title/tt2332579/,2013.0,0
503,Séraphin (1950),Canada,Drama,,"5,8",63.0,https://www.imdb.com/title/tt0043021/,1950.0,4
504,L'enfant de nuit (1978),France,"Mystery, Thriller",,"5,8",22.0,https://www.imdb.com/title/tt0164560/,1978.0,4
505,Blessed Madness (2018),Italy,Comedy,Benedetta follia,"5,8",1427.0,https://www.imdb.com/title/tt7022404/,2018.0,0
506,Bombs Over Monte Carlo (1931),Germany,"Comedy, Drama, Musical",Bomben auf Monte Carlo,"5,8",151.0,https://www.imdb.com/title/tt0021681/,1931.0,4
507,"Le fils de l'épicière, le maire, le village et le monde (2020)",France,Documentary,,"5,8",14.0,https://www.imdb.com/title/tt13867020/,2020.0,4
508,Bamako Chicken (2015),Mali,"Documentary, Short",,"5,7",6.0,https://www.imdb.com/title/tt5152616/,2015.0,5
509,Z-O-M-B-I-E-S 2 (2020),Australia,"Comedy, Family, Musical",,"5,7",2936.0,https://www.imdb.com/title/tt9766166/,2020.0,4
510,Kärlek och störtlopp (1946),Sweden,Comedy,,"5,7",64.0,https://www.imdb.com/title/tt0038678/,1946.0,4
511,Oxygen (1970),Slovenia,Drama,,"5,7",27.0,https://www.imdb.com/title/tt0172934/,1970.0,5
512,"Elle court, elle court la banlieue (1973)",France,Comedy,,"5,7",154.0,https://www.imdb.com/title/tt0068536/,1973.0,4
513,Little Flames (1985),Italy,Drama,Piccoli fuochi,"5,7",277.0,https://www.imdb.com/title/tt0089808/,1985.0,4
514,Young Mother 3 (2015),South Korea,"Drama, Romance",Jeolmeun eomma 3,"5,7",429.0,https://www.imdb.com/title/tt11941248/,2015.0,4
515,The Closet (2020),South Korea,"Horror, Mystery",Keullojet,"5,7",2026.0,https://www.imdb.com/title/tt11727052/,2020.0,4
516,Nous irons à Monte Carlo (1951),France,"Comedy, Musical",,"5,7",253.0,https://www.imdb.com/title/tt0043865/,1951.0,4
517,Mordet på Trotskij (1972),France,"Biography, Drama, History",The Assassination of Trotsky,"5,7",1844.0,https://www.imdb.com/title/tt0068226/,1972.0,4
518,The Assassin Next Door (2009),Israel,"Action, Drama, Thriller",Kirot,"5,7",2813.0,https://www.imdb.com/title/tt1198153/,2009.0,4
519,The Vanished (2020),Canada,"Action, Crime, Horror",Hour of Lead,"5,7",10889.0,https://www.imdb.com/title/tt9794630/,2020.0,0
520,Assassination Classroom: The Graduation (2016),Japan,"Action, Adventure, Comedy",Ansatsu kyôshitsu: sotsugyô hen,"5,7",853.0,https://www.imdb.com/title/tt4641264/,2016.0,2
521,Tokyo Ghoul (2017),Japan,"Action, Drama, Fantasy",Tôkyô gûru,"5,7",3685.0,https://www.imdb.com/title/tt5815944/,2017.0,4
522,The Titan's Bride (2020),Japan,"Animation, Comedy, Fantasy",Kyojinzoku no Hanayome,"5,7",303.0,https://www.imdb.com/title/tt12362250/,2020.0,4
523,Fearless Hyena 3 (1980),China,Action,Fearless Master,"5,6",72.0,https://www.imdb.com/title/tt0322265/,1980.0,5
524,The Tomboy (1959),Greece,"Comedy, Romance",To agorokoritso,"5,6",83.0,https://www.imdb.com/title/tt0135754/,1959.0,3
525,The Night of the Hunted (1980),France,"Drama, Horror, Mystery",La nuit des traquées,"5,6",1736.0,https://www.imdb.com/title/tt0081250/,1980.0,4
526,The Big Love Picture (2019),Argentina,"Comedy, Romance",,"5,6",69.0,https://www.imdb.com/title/tt10399550/,2019.0,3
527,Prenez la queue comme tout le monde (1973),France,Comedy,,"5,6",76.0,https://www.imdb.com/title/tt0070559/,1973.0,3
528,The Guilty Ones (2019),China,"Crime, Drama, Mystery",Ni shi xiong shou,"5,6",83.0,https://www.imdb.com/title/tt10097530/,2019.0,4
529,Roberto Carlos a 300 Quilômetros por Hora (1971),Brazil,Adventure,,"5,6",148.0,https://www.imdb.com/title/tt0254060/,1971.0,4
530,Elles (2011),France,Drama,,"5,6",7168.0,https://www.imdb.com/title/tt1549589/,2011.0,4
531,The Maiden (1955),France,"Crime, Drama, Romance",La môme Pigalle,"5,6",31.0,https://www.imdb.com/title/tt0141641/,1955.0,4
532,Elle et moi (1952),Portugal,Comedy,,"5,6",35.0,https://www.imdb.com/title/tt0044583/,1952.0,4
533,Confessions of a Young American Housewife (1974),France,"Adventure, Drama",,"5,6",612.0,https://www.imdb.com/title/tt0069914/,1974.0,4
534,Trophy Wife (2014),Philippines,Drama,,"5,6",53.0,https://www.imdb.com/title/tt3904994/,2014.0,0
535,Tomboys Unmasked (2010),Australia,"Documentary, Short, Biography",,"5,5",9.0,https://www.imdb.com/title/tt1679328/,2010.0,4
536,The Sad Girls of the Mountains (2019),Croatia,Comedy,Die traurigen Mädchen aus den Bergen,"5,5",81.0,https://www.imdb.com/title/tt11808294/,2019.0,1
537,The New Girlfriend (1999),Canada,"Crime, Drama, Thriller",Envy,"5,5",387.0,https://www.imdb.com/title/tt0138420/,1999.0,4
538,Nowhere Girl (2015),Japan,"Action, Thriller",Tôkyô Mukokuseki Shôjo,"5,5",130.0,https://www.imdb.com/title/tt4654606/,2015.0,4
539,"My Friends, My Love (2008)",France,"Comedy, Romance","Mes amis, mes amours","5,5",677.0,https://www.imdb.com/title/tt0827192/,2008.0,4
540,The Perfect Witness (2007),Spain,"Crime, Horror, Thriller",The Ungodly,"5,5",1398.0,https://www.imdb.com/title/tt0489318/,2007.0,4
541,The Assassins (2012),China,"Drama, History",Tong que tai,"5,5",2054.0,https://www.imdb.com/title/tt2063013/,2012.0,2
542,París Tombuctú (1999),Spain,"Comedy, Drama",,"5,5",567.0,https://www.imdb.com/title/tt0197752/,1999.0,3
543,Amélie au pays des Bodin's (2010),France,Comedy,,"5,4",50.0,https://www.imdb.com/title/tt1636727/,2010.0,4
544,A Farewell to Fools (2013),Romania,"Comedy, Drama, War",,"5,4",496.0,https://www.imdb.com/title/tt1634055/,2013.0,4
545,Av: The Hunt (2020),Turkey,"Action, Thriller",,"5,4",575.0,https://www.imdb.com/title/tt8131720/,2020.0,1
546,Walter and Carlo - Up on Daddys Hat (1985),Denmark,Comedy,Walter og Carlo - op på fars hat,"5,4",881.0,https://www.imdb.com/title/tt0090288/,1985.0,4
547,Raw Target (1995),Turkey,"Action, Thriller",,"5,4",83.0,https://www.imdb.com/title/tt0114238/,1995.0,0
548,Roberto Carlos e o Diamante Cor-de-Rosa (1968),Brazil,"Adventure, Musical",,"5,4",166.0,https://www.imdb.com/title/tt0254738/,1968.0,4
549,Witness in the War Zone (1987),Israel,"Action, Drama, Mystery",Deadline,"5,4",519.0,https://www.imdb.com/title/tt0092844/,1987.0,4
550,Pickpockets (2018),Netherlands,"Crime, Drama",Pickpockets: Maestros del robo,"5,4",1225.0,https://www.imdb.com/title/tt7527694/,2018.0,4
551,Face 'Caché' (2006),France,"Documentary, Short",,"5,3",12.0,https://www.imdb.com/title/tt1353166/,2006.0,4
552,Picture Mommy Dead (1966),Italy,"Horror, Thriller",,"5,3",671.0,https://www.imdb.com/title/tt0060831/,1966.0,4
553,Monkey's Playtime (1978),Czechoslovakia,"Comedy, Fantasy",Hop - a je tu lidoop,"5,3",82.0,https://www.imdb.com/title/tt0138498/,1978.0,4
554,A Real Young Girl (1976),France,Drama,Une vraie jeune fille,"5,3",3907.0,https://www.imdb.com/title/tt0135024/,1976.0,4
555,A Royal Affair (1949),France,Comedy,Le roi,"5,3",22.0,https://www.imdb.com/title/tt0042903/,1949.0,4
556,Fire of Love (1968),"Egypt, Lebanon, Jordan","Crime, Mystery, Romance",Nar Al-Hob,"5,3",27.0,https://www.imdb.com/title/tt4173888/,1968.0,3
557,The Most Assassinated Woman in the World (2018),Germany,"Biography, Drama, Mystery",La femme la plus assassinée du monde,"5,3",1116.0,https://www.imdb.com/title/tt6186696/,2018.0,4
558,Farewell Illusions (1985),Norway,Drama,Adjø solidaritet,"5,3",181.0,https://www.imdb.com/title/tt0155476/,1985.0,2
559,"Up, Down and Sideways (1992)",Greece,Comedy,"Pano, kato kai plagios","5,3",219.0,https://www.imdb.com/title/tt0107772/,1992.0,1
560,Mama Fairy and the Woodcutter (2018),South Korea,"Comedy, Fantasy, Romance",Gyeryongsunnyeojeon,"5,3",145.0,https://www.imdb.com/title/tt8523030/,2018.0,2
561,The Vanished Murderer (2015),Hong Kong,"Crime, Thriller",Xiao shi de xiong shou,"5,2",328.0,https://www.imdb.com/title/tt5190950/,2015.0,4
562,"Athena, Secret Agency - The Movie (2011)",South Korea,"Action, Drama, Romance",Athena: Goddess of War - The Movie,"5,2",76.0,https://www.imdb.com/title/tt4259364/,2011.0,2
563,Mommy Is Coming (2012),Germany,"Comedy, Romance",,"5,2",107.0,https://www.imdb.com/title/tt2170509/,2012.0,3
564,Sexy Dancing (2000),France,Romance,Elle ou lui,"5,2",54.0,https://www.imdb.com/title/tt0367699/,2000.0,4
565,A Royal Affair (2013),Germany,"Comedy, Romance",Herztöne,"5,2",136.0,https://www.imdb.com/title/tt2670328/,2013.0,5
566,Romasanta (2004),Spain,"Drama, Horror",,"5,2",3559.0,https://www.imdb.com/title/tt0374180/,2004.0,4
567,Fuera de la ley (1998),Mexico,"Crime, Drama, Horror",,"5,2",10.0,https://www.imdb.com/title/tt0157676/,1998.0,2
568,Frank & Fearless (2018),South Africa,Comedy,,"5,2",41.0,https://www.imdb.com/title/tt10112464/,2018.0,4
569,O kalyteros mou filos (2001),Greece,Comedy,,"5,2",1066.0,https://www.imdb.com/title/tt0279895/,2001.0,0
570,Ainsi soient-elles (1995),France,Comedy,,"5,2",113.0,https://www.imdb.com/title/tt0112310/,1995.0,3
571,Dziewczyny z Dubaju (2021),Poland,Drama,,"5,2",1621.0,https://www.imdb.com/title/tt11871074/,2021.0,5
572,The Army Game (1960),France,Comedy,Tire-au-flanc 62,"5,1",194.0,https://www.imdb.com/title/tt0167460/,1960.0,4
573,Paranormal Activity 2: Tokyo Night (2010),Japan,"Horror, Mystery",Paranômaru akutibiti: Dai-2-shô - Tokyo Night,"5,1",5038.0,https://www.imdb.com/title/tt1728179/,2010.0,5
574,Breathless (2012),Japan,"Comedy, Thriller",,"5,1",1580.0,https://www.imdb.com/title/tt2005164/,2012.0,0
575,The Assassin's Code (2018),Turkey,"Crime, Thriller",,"5,1",1270.0,https://www.imdb.com/title/tt6170804/,2018.0,4
576,Attack on Titan Part 1 (2015),Japan,"Action, Adventure, Drama",Shingeki no kyojin,"5,1",14279.0,https://www.imdb.com/title/tt2072230/,2015.0,4
577,The Happening (1967),Sweden,Comedy,,"5,1",786.0,https://www.imdb.com/title/tt0061748/,1967.0,5
578,The Southside Pickpocket (2013),Iran,"Crime, Drama",JIb bor khiyaban jonobi,"5,1",152.0,https://www.imdb.com/title/tt3399118/,2013.0,4
579,"Female, Male, Gay, Lesbian (2013)",Philippines,Comedy,"Girl, boy, bakla, tomboy","5,1",332.0,https://www.imdb.com/title/tt2996804/,2013.0,4
580,A Witch's Way of Love (1997),France,"Adventure, Comedy, Fantasy",Un amour de sorcière,"5,1",1527.0,https://www.imdb.com/title/tt0120404/,1997.0,4
581,Famous Love Affairs (1961),France,"Comedy, History, Romance",Amours célèbres,"5,1",252.0,https://www.imdb.com/title/tt0054516/,1961.0,2
582,Young Mother (2013),South Korea,"Drama, Romance",Jeolmeun eomma,5,345.0,https://www.imdb.com/title/tt7315746/,2013.0,4
583,Monzon Case: Second Trial (1996),Argentina,"Drama, Crime, Mystery","Carlos Monzón, el segundo juicio",5,62.0,https://www.imdb.com/title/tt0112632/,1996.0,4
584,The Rise of a Tomboy (2016),China,Romance,,5,171.0,https://www.imdb.com/title/tt4903518/,2016.0,3
585,Fearless Hyena 2 (1983),Hong Kong,"Action, Drama",Long teng hu yue,5,1722.0,https://www.imdb.com/title/tt0085864/,1983.0,4
586,Dragon Inn Part 1: The City of Sadness (2020),South Korea,Action,,5,5.0,https://www.imdb.com/title/tt18950006/,2020.0,4
587,Pickpockets Don't Go to Heaven (1992),Iran,"Comedy, Drama",Jib-Borha Be Behesht Nemiravand,5,229.0,https://www.imdb.com/title/tt0107268/,1992.0,3
588,Brothers by Blood (2020),France,"Action, Crime, Drama",The Sound of Philadelphia,5,2230.0,https://www.imdb.com/title/tt8368294/,2020.0,1
589,Powerpuff Girls Z (2006),Japan,"Animation, Action, Adventure",Demashita! Powerpuff Girls Z,5,583.0,https://www.imdb.com/title/tt0989771/,2006.0,4
590,Mrs. Miracle Animals: An Squirrel's Princess Bride (2017),Japan,"Animation, Comedy, Fantasy",Elf Pets: A Fox Cub&apos;s Christmas Tale,"4,9",103.0,https://www.imdb.com/title/tt10485928/,2017.0,4
591,Bidding Farewell (2007),Turkey,"Drama, Family, Romance",Elveda Derken,"4,9",238.0,https://www.imdb.com/title/tt0991290/,2007.0,0
592,Young Lucrezia (1974),Italy,"Biography, Drama",Lucrezia giovane,"4,9",156.0,https://www.imdb.com/title/tt0071783/,1974.0,3
593,Elle cause plus... Elle flingue (1972),France,Comedy,,"4,9",256.0,https://www.imdb.com/title/tt0068535/,1972.0,4
594,"So Young, So Lovely, So Vicious... (1975)",Italy,"Drama, Mystery, Thriller",Peccati di gioventù,"4,9",391.0,https://www.imdb.com/title/tt0131526/,1975.0,4
595,Lady Chatterley in Tokyo (1977),Japan,Drama,Tokyo Chatterly fujin,"4,9",38.0,https://www.imdb.com/title/tt0192224/,1977.0,5
596,"Casanova, Last Love (2019)",Belgium,"Drama, History, Romance",Dernier amour,"4,9",554.0,https://www.imdb.com/title/tt9105628/,2019.0,5
597,Paratiisin lapset (1994),Finland,Drama,,"4,9",54.0,https://www.imdb.com/title/tt0110775/,1994.0,4
598,Rånarna (2003),Sweden,"Action, Crime, Thriller",,"4,9",1708.0,https://www.imdb.com/title/tt0353962/,2003.0,4
599,Local Kid (2003),France,Drama,L&apos;enfant du pays,"4,9",68.0,https://www.imdb.com/title/tt0329045/,2003.0,2
600,Dabangg 2 (2012),India,"Action, Comedy, Crime",,"4,8",18907.0,https://www.imdb.com/title/tt2112131/,2012.0,1
601,Beware of the Midwife (2021),Canada,Thriller,,"4,8",68.0,https://www.imdb.com/title/tt14362050/,2021.0,4
602,Scoot & Kassie's Christmas Adventure (2013),Germany,Family,K-9 Adventures: A Christmas Tale,"4,8",393.0,https://www.imdb.com/title/tt2406468/,2013.0,4
603,Je déteste les enfants des autres (2007),France,Comedy,,"4,8",171.0,https://www.imdb.com/title/tt0852970/,2007.0,4
604,The Celebrated Gisaeng (2014),South Korea,Drama,Myeong-gi,"4,8",10.0,https://www.imdb.com/title/tt8674092/,2014.0,4
605,Warning from Space (1956),Japan,"Drama, Sci-Fi",Uchûjin Tôkyô ni arawaru,"4,7",1155.0,https://www.imdb.com/title/tt0049900/,1956.0,4
606,Tomboy (1985),West Germany,Comedy,,"4,7",1627.0,https://www.imdb.com/title/tt0090184/,1985.0,4
607,Manden der ville være skyldig (1990),Denmark,"Drama, Sci-Fi",,"4,7",66.0,https://www.imdb.com/title/tt0100106/,1990.0,4
608,Hatched (2013),China,Animation,Farm House 81,"4,6",56.0,https://www.imdb.com/title/tt3505298/,2013.0,5
609,Take-Away Romance (2014),France,"Comedy, Romance",Amour sur place ou à emporter,"4,6",360.0,https://www.imdb.com/title/tt3144600/,2014.0,4
610,Ernest Goes to School (1994),Canada,"Comedy, Family, Sport",,"4,6",2734.0,https://www.imdb.com/title/tt0109739/,1994.0,4
611,Young Mother 2 (2014),South Korea,Drama,Jeolmeun eomma 2,"4,6",233.0,https://www.imdb.com/title/tt7652302/,2014.0,4
612,A Heartbeat Away (2011),Australia,"Comedy, Musical",,"4,6",291.0,https://www.imdb.com/title/tt1612793/,2011.0,5
613,Teen Titans Go! See Space Jam (2021),Brazil,"Animation, Action, Adventure",,"4,5",1133.0,https://www.imdb.com/title/tt14851194/,2021.0,4
614,My Worst Best Friend (2015),Germany,Comedy,Meine allerschlimmste Freundin,"4,5",40.0,https://www.imdb.com/title/tt3534346/,2015.0,4
615,"7 mujeres, 1 homosexual y Carlos (2004)",Mexico,"Comedy, Drama, Romance",,"4,5",189.0,https://www.imdb.com/title/tt0395429/,2004.0,0
616,Death of a Prophet (1981),France,"Drama, History",,"4,4",263.0,https://www.imdb.com/title/tt0179757/,1981.0,4
617,"Walter and Carlo, Part II, Yes, It's Daddy (1986)",Denmark,Comedy,"Walter og Carlo - yes, det er far","4,4",482.0,https://www.imdb.com/title/tt0125589/,1986.0,3
618,Génération oxygène (1991),France,Comedy,,"4,4",9.0,https://www.imdb.com/title/tt0304117/,1991.0,0
619,The Grand Grandmaster (2020),Hong Kong,"Action, Drama",,"4,4",244.0,https://www.imdb.com/title/tt11536476/,2020.0,4
620,Lady Chatterley Story (1989),Italy,Drama,La storia di Lady Chatterley,"4,3",154.0,https://www.imdb.com/title/tt0097704/,1989.0,3
621,Ernest Goes to Africa (1997),Australia,"Comedy, Family",,"4,3",2196.0,https://www.imdb.com/title/tt0119068/,1997.0,4
622,Hot Chocolate (1992),France,"Comedy, Romance",Amour et chocolat,"4,3",207.0,https://www.imdb.com/title/tt0104444/,1992.0,4
623,Priceless Beauty (1988),Italy,"Drama, Fantasy, Romance",Love Dream,"4,3",337.0,https://www.imdb.com/title/tt0098122/,1988.0,0
624,Un amour de fantôme (2007),Belgium,"Comedy, Romance",,"4,3",20.0,https://www.imdb.com/title/tt0875033/,2007.0,4
625,Medium Raw: Night of the Wolf (2010),Canada,"Fantasy, Thriller",,"4,3",779.0,https://www.imdb.com/title/tt0886515/,2010.0,4
626,My Best Friend's Wedding (2019),Mexico,Comedy,La boda de mi mejor amigo,"4,3",600.0,https://www.imdb.com/title/tt8220332/,2019.0,3
627,Shola: Fire of Love (2004),India,"Action, Crime, Drama",,"4,3",11.0,https://www.imdb.com/title/tt1594974/,2004.0,0
628,Talaash: The Hunt Begins... (2003),India,"Action, Crime, Drama",,"4,3",1527.0,https://www.imdb.com/title/tt0338477/,2003.0,4
629,Lady Chatterley's Passions 2: Julie's Secret (1995),Italy,"Drama, Romance",Un viaggio meraviglioso,"4,2",65.0,https://www.imdb.com/title/tt0113593/,1995.0,4
630,Outside the Law (2002),Portugal,Action,,"4,2",456.0,https://www.imdb.com/title/tt0290014/,2002.0,4
631,Love in Exile (2005),Turkey,Drama,Aska Sürgün,"4,2",372.0,https://www.imdb.com/title/tt0452712/,2005.0,1
632,3-D Sex and Zen: Extreme Ecstasy (2011),Hong Kong,"Comedy, Drama",3D Yuk po tuen: Gik lok bo gam,"4,2",2779.0,https://www.imdb.com/title/tt1365048/,2011.0,1
633,Lemon Tree Passage (2014),Australia,"Horror, Mystery, Thriller",,4,4072.0,https://www.imdb.com/title/tt2396436/,2014.0,0
634,Shadow Master (2022),Malaysia,Action,,4,361.0,https://www.imdb.com/title/tt19879786/,2022.0,4
635,Elles ne pensent qu'à ça... (1994),France,Comedy,,4,80.0,https://www.imdb.com/title/tt0109722/,1994.0,1
636,La petite Aurore l'enfant martyre (1952),Canada,"Biography, Drama",,4,307.0,https://www.imdb.com/title/tt0045027/,1952.0,4
637,The Hunt (2021),India,"Action, Thriller",,"3,9",57.0,https://www.imdb.com/title/tt14603402/,2021.0,0
638,Raw: The Curse of Grete Müller (2013),Austria,Horror,Der Fluch der Grete Müller,"3,7",98.0,https://www.imdb.com/title/tt2861518/,2013.0,4
639,Deathstalker IV: Match of Titans (1991),Japan,"Action, Adventure, Fantasy",,"3,7",985.0,https://www.imdb.com/title/tt0099388/,1991.0,3
640,L'enfant de l'amour (1930),France,Drama,,"3,7",17.0,https://www.imdb.com/title/tt0207453/,1930.0,4
641,Starship Troopers 2: Hero of the Federation (2004),Hungary,"Action, Adventure, Horror",,"3,6",23528.0,https://www.imdb.com/title/tt0367093/,2004.0,4
642,Operation Kid Brother (1967),Italy,"Action, Comedy, Thriller",OK Connery,"3,5",1450.0,https://www.imdb.com/title/tt0062078/,1967.0,4
643,Benidorm mon amour (2016),Spain,Comedy,,"3,4",41.0,https://www.imdb.com/title/tt4741466/,2016.0,4
644,Walter & Carlo i Amerika (1989),Denmark,Comedy,,"3,3",526.0,https://www.imdb.com/title/tt0098616/,1989.0,4
645,Fearless Tiger (1991),Germany,"Action, Drama",,"3,3",271.0,https://www.imdb.com/title/tt0141006/,1991.0,1
646,Shadow Wolves (2019),Netherlands,"Action, Adventure, Thriller",,"3,3",450.0,https://www.imdb.com/title/tt8031130/,2019.0,4
647,Aku Bukan Tomboy (2011),Malaysia,"Comedy, Drama, Romance",,"3,3",55.0,https://www.imdb.com/title/tt2127251/,2011.0,2
648,Tokyo Species (2012),Japan,Horror,,"3,2",128.0,https://www.imdb.com/title/tt2435148/,2012.0,4
649,The Lost Girls (2022),Canada,"Drama, Fantasy",,"2,9",498.0,https://www.imdb.com/title/tt1023464/,2022.0,4
650,The Secret of Carlos Castaneda (2018),Lithuania,"Documentary, Biography",,"2,7",12.0,https://www.imdb.com/title/tt9890430/,2018.0,1
651,A Fairy Tale Christmas (2005),Canada,"Animation, Adventure, Comedy",,"2,4",253.0,https://www.imdb.com/title/tt0491718/,2005.0,4
652,Titanic: The Legend Goes On... (2000),Italy,"Animation, Family, Fantasy",Titanic - La leggenda continua,"1,5",9314.0,https://www.imdb.com/title/tt0330994/,2000.0,4
653,Caché trouvé: prévention de l'échec scolaire en maternelle (2001),France,Documentary,,,,https://www.imdb.com/title/tt14817468/,2001.0,4
654,In the Name of Love (2014),Singapore,"Drama, Romance",,,,https://www.imdb.com/title/tt12194876/,2014.0,3
655,"Oxygen In, Calories Out (1991)",Canada,Sport,,,,https://www.imdb.com/title/tt7293874/,1991.0,4
656,The Most Beautiful Things Are Yet to Come (2014),Netherlands,Documentary,,,,https://www.imdb.com/title/tt5856398/,2014.0,1
657,Red Door and Lemon Tree,"Canada, Greece","Adventure, Comedy, Fantasy",,,,https://www.imdb.com/title/tt8674712/,,0
658,Intimate Strangers (1981),Australia,Drama,,,,https://www.imdb.com/title/tt0378108/,1981.0,4
659,Anis Don Demina - Naken (feat. Timbuktu) (2020),Sweden,Animation,,,,https://www.imdb.com/title/tt12387238/,2020.0,3
660,I Am the Man from Timbuktu (2010),Australia,"Documentary, Short, Drama",,,,https://www.imdb.com/title/tt1599311/,2010.0,4
661,Athena Skates (2020),Austria,"Documentary, Short, Sport",,,,https://www.imdb.com/title/tt12257612/,2020.0,5
662,I'm in the Mood for Love (2021),Germany,"Short, Thriller",,,,https://www.imdb.com/title/tt15432618/,2021.0,4
663,Boo's Ups and Downs (1963),Sweden,"Documentary, Short, Drama",,,,https://www.imdb.com/title/tt21048606/,1963.0,5
664,"Paradise Now, Apocalypse Later (2013)",Portugal,"Documentary, Short",,,,https://www.imdb.com/title/tt3454800/,2013.0,4
665,The Girl Who Didn't Know What to Do (2021),Israel,"Documentary, Short",,,,https://www.imdb.com/title/tt15144522/,2021.0,2
666,As the Fires Rage (2008),"United Kingdom, Greece","Documentary, Short",,,,https://www.imdb.com/title/tt3504378/,2008.0,4
667,Just the Two of Us (2015),Czech Republic,"Documentary, Short, Romance",,,,https://www.imdb.com/title/tt5105286/,2015.0,3
668,Hamedullah: The Road Home (2012),"United Kingdom, Afghanistan","Documentary, Short, Biography",,,,https://www.imdb.com/title/tt2142777/,2012.0,5
669,On the War on Drugs (2016),"Spain, Lebanon, Lithuania, Switzerland","Documentary, Short",,,,https://www.imdb.com/title/tt7369934/,2016.0,4
670,The Vanishing People of Little Andaman (1998),India,"Documentary, Short",,,,https://www.imdb.com/title/tt0467117/,1998.0,4
671,The Little Black Book: The Benning Family (2012),Australia,"Documentary, Short, Music",,,,https://www.imdb.com/title/tt2491094/,2012.0,1
672,Summer Hours (2017),Taiwan,Family,,,,https://www.imdb.com/title/tt7044758/,2017.0,4
673,Breathless (2006),Australia,"Documentary, Short",,,,https://www.imdb.com/title/tt2022346/,2006.0,4
674,Tomboy (2004),Australia,"Documentary, Short",,,,https://www.imdb.com/title/tt0423387/,2004.0,4
675,Priceless (2016),France,"Short, Thriller",,,,https://www.imdb.com/title/tt6011268/,2016.0,4
676,A Surprise Wedding: 7 years of struggle After the Tohoku Earthquake and Tsunami (2018),Japan,"Documentary, Short",,,,https://www.imdb.com/title/tt8575356/,2018.0,4
677,The Big Picture (2018),"Chile, United States","Documentary, Short",,,,https://www.imdb.com/title/tt8521786/,2018.0,5
678,Burn Out (2013),France,"Documentary, Short",Le grand incendie,,,https://www.imdb.com/title/tt3798662/,2013.0,4
679,Paradise Then and Now (2016),Mexico,"Documentary, Short, History",,,,https://www.imdb.com/title/tt5911578/,2016.0,1
680,The Road Leads Home (2015),Australia,Documentary,,,,https://www.imdb.com/title/tt4958754/,2015.0,0
681,Saudi Arabia: The War on Drugs (2013),Saudi Arabia,Documentary,,,,https://www.imdb.com/title/tt9900812/,2013.0,4
682,The Man Who Knows Too Much (2002),Netherlands,Documentary,,,,https://www.imdb.com/title/tt4114684/,2002.0,4
683,Contempt of Conscience (2008),Italy,"Documentary, War",,,,https://www.imdb.com/title/tt1294663/,2008.0,4
684,The Rabbi's Daughter & the Midwife (2009),Israel,Documentary,,,,https://www.imdb.com/title/tt2526218/,2009.0,4
685,"Frantz Fanon, une vie, un combat, une oeuvre (2001)",Algeria,Documentary,,,,https://www.imdb.com/title/tt8100112/,2001.0,1
686,In the Name of Love! (2022),India,"Documentary, Crime, News",,,,https://www.imdb.com/title/tt8286934/,2022.0,4
687,"My Mother, the Nazi Midwife and Me (2012)","Canada, Germany","Documentary, Biography, History",,,,https://www.imdb.com/title/tt2954160/,2012.0,2
688,The cultural journey to Timbuktu (2015),Mali,"Documentary, History, Music",,,,https://www.imdb.com/title/tt8665640/,2015.0,4
689,The Fairies: Fairy Magic (2005),Australia,Family,,,,https://www.imdb.com/title/tt1916739/,2005.0,4
690,One Summer in New Paltz: A Cautionary Tale (2008),Canada,Documentary,,,,https://www.imdb.com/title/tt1329416/,2008.0,4
691,Bamako année 0 (2014),France,Documentary,,,,https://www.imdb.com/title/tt4235628/,2014.0,4
692,"The 2 of us, tomorrow (2016)",Italy,Documentary,,,,https://www.imdb.com/title/tt5089944/,2016.0,4
693,Priceless (2018),Canada,Documentary,,,,https://www.imdb.com/title/tt8912176/,2018.0,4
694,From Patrice to Lumumba (2019),France,Documentary,,,,https://www.imdb.com/title/tt14193382/,2019.0,4
695,Mystery Cache (2011),Germany,"Adventure, Mystery, Thriller",,,,https://www.imdb.com/title/tt2076279/,2011.0,4
696,The Big Picture: Featurette on Charles Chauvel (2014),Australia,"Documentary, Biography, History",,,,https://www.imdb.com/title/tt4225946/,2014.0,4
697,Nobody Knows Who I am (2018),Ukraine,Documentary,,,,https://www.imdb.com/title/tt7192184/,2018.0,4
698,The Black Book of Maidan (2014),Ukraine,Documentary,,,,https://www.imdb.com/title/tt17279614/,2014.0,2
699,Hide and Seek (2018),France,Thriller,Cache cache,,,https://www.imdb.com/title/tt7699008/,2018.0,0
700,The Road Home (2011),Taiwan,Drama,,,,https://www.imdb.com/title/tt2084976/,2011.0,0
701,Balthazar and I (2021),France,Comedy,,,,https://www.imdb.com/title/tt14732190/,2021.0,0
702,Sportsfreunde - We Can Start Another Round (2013),Germany,"Documentary, Sport",,,,https://www.imdb.com/title/tt2899548/,2013.0,4
703,Fearless Hero (2011),China,Action,,,,https://www.imdb.com/title/tt7335616/,2011.0,2
704,Raging Fire in the Prison (1958),China,"Drama, Thriller",Tie chuang lie huo,,,https://www.imdb.com/title/tt0340399/,1958.0,4
705,Jemima the Trophy Wife (2019),Nigeria,Drama,,,,https://www.imdb.com/title/tt17338880/,2019.0,4
706,Balala the Fairies: The Movie (2013),China,Fantasy,Balala xiao moxian Da dian ying,,,https://www.imdb.com/title/tt6967268/,2013.0,4
707,The Guilty Misfits (2017),India,Drama,,,,https://www.imdb.com/title/tt6728472/,2017.0,4
708,Lovaganza: La Grande Illusion (2022),Canada,Documentary,,,,https://www.imdb.com/title/tt21994356/,2022.0,1
709,Balthazar (1937),France,Comedy,,,,https://www.imdb.com/title/tt0175465/,1937.0,4
710,The Books Under the Sand (1997),France,Documentary,,,,https://www.imdb.com/title/tt0476155/,1997.0,4
711,In the Name of Love (1994),Israel,Drama,Beshem Ha&apos;Ahavah,,,https://www.imdb.com/title/tt0133411/,1994.0,3
712,The Hunted (2022),Portugal,"Action, Thriller, War",,,,https://www.imdb.com/title/tt16102916/,2022.0,0
713,La môme aux boutons (1958),France,Comedy,,,,https://www.imdb.com/title/tt0051969/,1958.0,4
714,Daehakdeulgae (1983),South Korea,"Comedy, Family",,,,https://www.imdb.com/title/tt0310964/,1983.0,4
715,Yeogo yalgae (1977),South Korea,"Drama, Family, Comedy",,,,https://www.imdb.com/title/tt0316912/,1977.0,4
716,Oxygen Station (2022),Ukraine,"Biography, Drama",,,,https://www.imdb.com/title/tt13364844/,2022.0,4
717,Breathless (2015),Nigeria,Crime,,,,https://www.imdb.com/title/tt4898344/,2015.0,3
718,Pierrot le fou,France,History,,,,https://www.imdb.com/title/tt2313490/,,4
719,Woven Wings of Our Children (2016),Philippines,Drama,Hinabing pakpak ng ating mga anak,,,https://www.imdb.com/title/tt6167396/,2016.0,4
720,Beer-tastic! 2 - Another round! (2021),Austria,Documentary,,,,https://www.imdb.com/title/tt10902054/,2021.0,4
721,The Importance of Being Ernest (2013),Australia,Comedy,,,,https://www.imdb.com/title/tt13853446/,2013.0,4
722,Exile,Canada,Thriller,,,,https://www.imdb.com/title/tt8336322/,,1
723,The Last Grandmaster,Japan,Documentary,,,,https://www.imdb.com/title/tt13458702/,,4
724,The Guilty Secret (2019),South Korea,Drama,,,,https://www.imdb.com/title/tt17055882/,2019.0,4
725,Little Black Book (2021),Nigeria,Drama,,,,https://www.imdb.com/title/tt15090958/,2021.0,2
726,"Et puis, Amélie est partie (2019)",Canada,Comedy,,,,https://www.imdb.com/title/tt9892824/,2019.0,4
727,Reguly gry (2004),Poland,"Documentary, Short",,,,https://www.imdb.com/title/tt1309644/,2004.0,0
728,In the Name of Love,Norway,"Comedy, Drama",,,,https://www.imdb.com/title/tt22015700/,,4
729,The Midwife (2020),Poland,Documentary,Polozna,,,https://www.imdb.com/title/tt16440566/,2020.0,4
730,Beauties in the Closet (2018),China,"Drama, Romance",,,,https://www.imdb.com/title/tt10631700/,2018.0,4
731,The Walk-In Closet (2018),Canada,Comedy,,,,https://www.imdb.com/title/tt8024520/,2018.0,4
732,Love Is for the Two of Us (1970),Philippines,"Drama, Romance",,,,https://www.imdb.com/title/tt0434162/,1970.0,3
733,L'amour et les forêts (2023),France,Drama,,,,https://www.imdb.com/title/tt23049206/,2023.0,0
734,"Pare, mahal mo raw ako (2016)",Philippines,"Comedy, Romance",,,,https://www.imdb.com/title/tt5789812/,2016.0,3
735,Amulyam (Priceless) (1978),India,Drama,,,,https://www.imdb.com/title/tt3766380/,1978.0,2
736,Do Not Fight Even If Things Come To A Head (2019),Japan,Drama,,,,https://www.imdb.com/title/tt9710512/,2019.0,4
737,For Our Children (2020),Poland,"Documentary, Short",,,,https://www.imdb.com/title/tt11225312/,2020.0,4
738,Home Affairs: A Christmas Tale (2020),South Africa,Drama,,,,https://www.imdb.com/title/tt14790814/,2020.0,1
739,MILANKA - The Woman Who Knows,France,Documentary,,,,https://www.imdb.com/title/tt22036942/,,1
740,Nayanthara: Beyond the Fairy Tale,India,Documentary,,,,https://www.imdb.com/title/tt22297698/,,2
